Watching for file changes with StatReloader
F:\Sonali Intellect\Agreement Tracking Module\SP new version\SP\atm\Agreement_tracking\settings.py changed, reloading.
Watching for file changes with StatReloader
"GET /api/dashboard-stats/ HTTP/1.1" 200 342
Watching for file changes with StatReloader
Not Found: /
"GET / HTTP/1.1" 404 3103
"GET /admin/ HTTP/1.1" 302 0
"GET /admin/login/?next=/admin/ HTTP/1.1" 200 4190
"POST /admin/login/?next=/admin/ HTTP/1.1" 302 0
"GET /admin/ HTTP/1.1" 200 12781
"GET /admin/agreements/agreementtype/ HTTP/1.1" 200 13538
"GET /admin/jsi18n/ HTTP/1.1" 200 3342
"GET /admin/ HTTP/1.1" 200 12781
"GET /api/dashboard-stats/ HTTP/1.1" 200 342
"POST /admin/logout/ HTTP/1.1" 302 0
"GET /admin/ HTTP/1.1" 302 0
"GET /admin/login/?next=/admin/ HTTP/1.1" 200 4190
"POST /admin/login/?next=/admin/ HTTP/1.1" 302 0
"GET /admin/ HTTP/1.1" 200 12781
"GET /api/get-csrf/ HTTP/1.1" 200 29
"GET /api/get-csrf/ HTTP/1.1" 200 29
"GET /api/dashboard-stats/ HTTP/1.1" 200 342
"GET /api/dashboard-stats/ HTTP/1.1" 200 342
"GET /api/dashboard-stats/ HTTP/1.1" 200 342
"POST /admin/logout/ HTTP/1.1" 302 0
"GET /api/get-csrf/ HTTP/1.1" 200 29
"GET /api/get-csrf/ HTTP/1.1" 200 29
"GET /api/dashboard-stats/ HTTP/1.1" 200 342
"GET /api/dashboard-stats/ HTTP/1.1" 200 342
"GET /api/dashboard-stats/ HTTP/1.1" 200 342
"GET /admin/ HTTP/1.1" 200 12781
"POST /admin/logout/ HTTP/1.1" 302 0
"GET /api/get-csrf/ HTTP/1.1" 200 29
"GET /api/get-csrf/ HTTP/1.1" 200 29
Forbidden: /api/dashboard-stats/
"GET /api/dashboard-stats/ HTTP/1.1" 403 58
Forbidden: /api/dashboard-stats/
"GET /api/dashboard-stats/ HTTP/1.1" 403 58
Forbidden: /api/dashboard-stats/
"GET /api/dashboard-stats/ HTTP/1.1" 403 58
Forbidden: /api/dashboard-stats/
"GET /api/dashboard-stats/ HTTP/1.1" 403 58
"GET /admin/ HTTP/1.1" 302 0
"GET /admin/login/?next=/admin/ HTTP/1.1" 200 4190
Forbidden: /api/dashboard-stats/
"GET /api/dashboard-stats/ HTTP/1.1" 403 58
Forbidden: /api/dashboard-stats/
"GET /api/dashboard-stats/ HTTP/1.1" 403 58
Forbidden: /api/dashboard-stats/
"GET /api/dashboard-stats/ HTTP/1.1" 403 58
Forbidden: /api/dashboard-stats/
"GET /api/dashboard-stats/ HTTP/1.1" 403 58
Forbidden: /api/dashboard-stats/
"GET /api/dashboard-stats/ HTTP/1.1" 403 58
Forbidden: /api/dashboard-stats/
"GET /api/dashboard-stats/ HTTP/1.1" 403 58
"POST /admin/login/?next=/admin/ HTTP/1.1" 302 0
"GET /admin/ HTTP/1.1" 200 12781
"GET /api/dashboard-stats/ HTTP/1.1" 200 342
"GET /api/dashboard-stats/ HTTP/1.1" 200 342
"GET /api/dashboard-stats/ HTTP/1.1" 200 342
"GET /api/dashboard-stats/ HTTP/1.1" 200 342
"GET /api/dashboard-stats/ HTTP/1.1" 200 342
"GET /api/dashboard-stats/ HTTP/1.1" 200 342
"GET /api/dashboard-stats/ HTTP/1.1" 200 342
"GET /api/dashboard-stats/ HTTP/1.1" 200 342
"GET /api/dashboard-stats/ HTTP/1.1" 200 342
"GET /api/dashboard-stats/ HTTP/1.1" 200 342
"GET /api/dashboard-stats/ HTTP/1.1" 200 342
"GET /api/dashboard-stats/ HTTP/1.1" 200 342
"GET /api/dashboard-stats/ HTTP/1.1" 200 342
"GET /api/dashboard-stats/ HTTP/1.1" 200 342
"GET /api/dashboard-stats/ HTTP/1.1" 200 342
"GET /api/dashboard-stats/ HTTP/1.1" 200 342
"GET /api/dashboard-stats/ HTTP/1.1" 200 342
"GET /api/dashboard-stats/ HTTP/1.1" 200 342
"GET /api/dashboard-stats/ HTTP/1.1" 200 342
"GET /api/dashboard-stats/ HTTP/1.1" 200 342
"GET /api/dashboard-stats/ HTTP/1.1" 200 342
"GET /api/dashboard-stats/ HTTP/1.1" 200 342
"GET /api/dashboard-stats/ HTTP/1.1" 200 342
"GET /api/dashboard-stats/ HTTP/1.1" 200 342
"GET /api/dashboard-stats/ HTTP/1.1" 200 342
"GET /api/dashboard-stats/ HTTP/1.1" 200 342
"GET /api/dashboard-stats/ HTTP/1.1" 200 342
"GET /api/dashboard-stats/ HTTP/1.1" 200 342
"GET /api/dashboard-stats/ HTTP/1.1" 200 342
"GET /api/dashboard-stats/ HTTP/1.1" 200 342
"GET /api/dashboard-stats/ HTTP/1.1" 200 342
"GET /api/dashboard-stats/ HTTP/1.1" 200 342
"GET /api/dashboard-stats/ HTTP/1.1" 200 342
"GET /admin/agreements/agreementtype/ HTTP/1.1" 200 13538
"GET /admin/jsi18n/ HTTP/1.1" 200 3342
"GET /admin/accounts/departmentpermission/ HTTP/1.1" 200 13192
"GET /admin/jsi18n/ HTTP/1.1" 200 3342
"GET /api/dashboard-stats/ HTTP/1.1" 200 342
"GET /admin/accounts/department/ HTTP/1.1" 200 15009
"GET /admin/jsi18n/ HTTP/1.1" 200 3342
"GET /admin/accounts/departmentpermission/ HTTP/1.1" 200 13192
"GET /admin/jsi18n/ HTTP/1.1" 200 3342
"GET /api/dashboard-stats/ HTTP/1.1" 200 342
"GET /admin/accounts/department/ HTTP/1.1" 200 15009
"GET /admin/jsi18n/ HTTP/1.1" 200 3342
"GET /admin/accounts/department/add/ HTTP/1.1" 200 16411
"GET /admin/jsi18n/ HTTP/1.1" 200 3342
"GET /api/dashboard-stats/ HTTP/1.1" 200 342
"GET /api/dashboard-stats/ HTTP/1.1" 200 342
"POST /admin/accounts/department/add/ HTTP/1.1" 302 0
"GET /admin/accounts/department/ HTTP/1.1" 200 15601
"GET /admin/jsi18n/ HTTP/1.1" 200 3342
"GET /admin/accounts/department/ HTTP/1.1" 200 15394
"GET /admin/jsi18n/ HTTP/1.1" 200 3342
"GET /admin/accounts/department/add/ HTTP/1.1" 200 16411
"GET /admin/jsi18n/ HTTP/1.1" 200 3342
"GET /api/dashboard-stats/ HTTP/1.1" 200 369
"POST /admin/accounts/department/add/ HTTP/1.1" 302 0
"GET /admin/accounts/department/ HTTP/1.1" 200 15976
"GET /admin/jsi18n/ HTTP/1.1" 200 3342
"GET /admin/accounts/department/add/ HTTP/1.1" 200 16411
"GET /admin/jsi18n/ HTTP/1.1" 200 3342
"GET /api/dashboard-stats/ HTTP/1.1" 200 393
"POST /admin/accounts/department/add/ HTTP/1.1" 302 0
"GET /admin/accounts/department/ HTTP/1.1" 200 16354
"GET /admin/jsi18n/ HTTP/1.1" 200 3342
"GET /admin/accounts/department/add/ HTTP/1.1" 200 16411
"GET /admin/jsi18n/ HTTP/1.1" 200 3342
"POST /admin/accounts/department/add/ HTTP/1.1" 302 0
"GET /admin/accounts/department/ HTTP/1.1" 200 16747
"GET /admin/jsi18n/ HTTP/1.1" 200 3342
"GET /admin/accounts/department/add/ HTTP/1.1" 200 16411
"GET /admin/jsi18n/ HTTP/1.1" 200 3342
"POST /admin/accounts/department/add/ HTTP/1.1" 302 0
"GET /admin/accounts/department/ HTTP/1.1" 200 17141
"GET /admin/jsi18n/ HTTP/1.1" 200 3342
"GET /admin/accounts/user/ HTTP/1.1" 200 17733
"GET /admin/jsi18n/ HTTP/1.1" 200 3342
"GET /admin/accounts/user/1/change/ HTTP/1.1" 200 32118
"GET /admin/jsi18n/ HTTP/1.1" 200 3342
"GET /admin/accounts/departmentpermission/ HTTP/1.1" 200 13771
"GET /admin/jsi18n/ HTTP/1.1" 200 3342
"GET /admin/accounts/departmentpermission/add/ HTTP/1.1" 200 19294
"GET /admin/jsi18n/ HTTP/1.1" 200 3342
"GET /api/dashboard-stats/ HTTP/1.1" 200 446
"GET /admin/accounts/departmentpermission/ HTTP/1.1" 200 13771
"GET /admin/accounts/user/1/change/ HTTP/1.1" 200 32118
"GET /admin/accounts/user/ HTTP/1.1" 200 17733
"GET /admin/jsi18n/ HTTP/1.1" 200 3342
"GET /admin/accounts/user/add/ HTTP/1.1" 200 21941
"GET /admin/jsi18n/ HTTP/1.1" 200 3342
"GET /static/admin/css/unusable_password_field.css HTTP/1.1" 200 663
"GET /static/admin/js/unusable_password_field.js HTTP/1.1" 200 1480
"GET /api/dashboard-stats/ HTTP/1.1" 200 446
"POST /admin/accounts/user/add/ HTTP/1.1" 200 22229
"GET /admin/jsi18n/ HTTP/1.1" 200 3342
"POST /admin/accounts/user/add/ HTTP/1.1" 200 22229
"GET /admin/jsi18n/ HTTP/1.1" 200 3342
"GET /api/dashboard-stats/ HTTP/1.1" 200 446
"GET /admin/ HTTP/1.1" 200 14546
"GET /admin/accounts/vendor/ HTTP/1.1" 200 12036
"GET /admin/jsi18n/ HTTP/1.1" 200 3342
"GET /admin/accounts/vendor/add/ HTTP/1.1" 200 18742
"GET /admin/jsi18n/ HTTP/1.1" 200 3342
"POST /admin/accounts/vendor/add/ HTTP/1.1" 200 19289
"GET /admin/jsi18n/ HTTP/1.1" 200 3342
"GET /api/dashboard-stats/ HTTP/1.1" 200 446
"POST /admin/accounts/vendor/add/ HTTP/1.1" 302 0
"GET /admin/accounts/vendor/ HTTP/1.1" 200 13540
"GET /admin/jsi18n/ HTTP/1.1" 200 3342
"GET /admin/accounts/vendor/add/ HTTP/1.1" 200 18742
"GET /admin/jsi18n/ HTTP/1.1" 200 3342
"GET /api/dashboard-stats/ HTTP/1.1" 200 446
"POST /admin/accounts/vendor/add/ HTTP/1.1" 302 0
"GET /admin/accounts/vendor/ HTTP/1.1" 200 13810
"GET /admin/jsi18n/ HTTP/1.1" 200 3342
"GET /admin/accounts/vendor/add/ HTTP/1.1" 200 18742
"GET /admin/jsi18n/ HTTP/1.1" 200 3342
"GET /api/dashboard-stats/ HTTP/1.1" 200 446
"POST /admin/accounts/vendor/add/ HTTP/1.1" 200 19045
"GET /admin/jsi18n/ HTTP/1.1" 200 3342
"GET /admin/accounts/vendor/add/ HTTP/1.1" 200 18742
"GET /admin/accounts/vendor/ HTTP/1.1" 200 13605
"GET /admin/jsi18n/ HTTP/1.1" 200 3342
"GET /admin/accounts/vendor/1/change/ HTTP/1.1" 200 19054
"GET /admin/jsi18n/ HTTP/1.1" 200 3342
"POST /admin/accounts/vendor/1/change/ HTTP/1.1" 302 0
"GET /admin/accounts/vendor/ HTTP/1.1" 200 13816
"GET /admin/jsi18n/ HTTP/1.1" 200 3342
"GET /admin/accounts/vendor/add/ HTTP/1.1" 200 18742
"GET /admin/jsi18n/ HTTP/1.1" 200 3342
"POST /admin/accounts/vendor/add/ HTTP/1.1" 302 0
"GET /admin/accounts/vendor/ HTTP/1.1" 200 14065
"GET /admin/jsi18n/ HTTP/1.1" 200 3342
"GET /api/dashboard-stats/ HTTP/1.1" 200 446
Internal Server Error: /admin/agreements/agreement/
Traceback (most recent call last):
  File "F:\Python\lib\site-packages\django\db\backends\utils.py", line 105, in _execute
    return self.cursor.execute(sql, params)
  File "F:\Python\lib\site-packages\django\db\backends\mysql\base.py", line 76, in execute
    return self.cursor.execute(query, args)
  File "F:\Python\lib\site-packages\MySQLdb\cursors.py", line 179, in execute
    res = self._query(mogrified_query)
  File "F:\Python\lib\site-packages\MySQLdb\cursors.py", line 330, in _query
    db.query(q)
  File "F:\Python\lib\site-packages\MySQLdb\connections.py", line 280, in query
    _mysql.connection.query(self, query)
MySQLdb.OperationalError: (1054, "Unknown column 'agreements_agreement.remarks' in 'field list'")

The above exception was the direct cause of the following exception:

Traceback (most recent call last):
  File "F:\Python\lib\site-packages\django\core\handlers\exception.py", line 55, in inner
    response = get_response(request)
  File "F:\Python\lib\site-packages\django\core\handlers\base.py", line 197, in _get_response
    response = wrapped_callback(request, *callback_args, **callback_kwargs)
  File "F:\Python\lib\site-packages\django\contrib\admin\options.py", line 719, in wrapper
    return self.admin_site.admin_view(view)(*args, **kwargs)
  File "F:\Python\lib\site-packages\django\utils\decorators.py", line 192, in _view_wrapper
    result = _process_exception(request, e)
  File "F:\Python\lib\site-packages\django\utils\decorators.py", line 190, in _view_wrapper
    response = view_func(request, *args, **kwargs)
  File "F:\Python\lib\site-packages\django\views\decorators\cache.py", line 80, in _view_wrapper
    response = view_func(request, *args, **kwargs)
  File "F:\Python\lib\site-packages\django\contrib\admin\sites.py", line 246, in inner
    return view(request, *args, **kwargs)
  File "F:\Python\lib\site-packages\django\utils\decorators.py", line 48, in _wrapper
    return bound_method(*args, **kwargs)
  File "F:\Python\lib\site-packages\django\utils\decorators.py", line 192, in _view_wrapper
    result = _process_exception(request, e)
  File "F:\Python\lib\site-packages\django\utils\decorators.py", line 190, in _view_wrapper
    response = view_func(request, *args, **kwargs)
  File "F:\Python\lib\site-packages\django\contrib\admin\options.py", line 2163, in changelist_view
    "selection_note": _("0 of %(cnt)s selected") % {"cnt": len(cl.result_list)},
  File "F:\Python\lib\site-packages\django\db\models\query.py", line 366, in __len__
    self._fetch_all()
  File "F:\Python\lib\site-packages\django\db\models\query.py", line 1949, in _fetch_all
    self._result_cache = list(self._iterable_class(self))
  File "F:\Python\lib\site-packages\django\db\models\query.py", line 91, in __iter__
    results = compiler.execute_sql(
  File "F:\Python\lib\site-packages\django\db\models\sql\compiler.py", line 1623, in execute_sql
    cursor.execute(sql, params)
  File "F:\Python\lib\site-packages\django\db\backends\utils.py", line 122, in execute
    return super().execute(sql, params)
  File "F:\Python\lib\site-packages\django\db\backends\utils.py", line 79, in execute
    return self._execute_with_wrappers(
  File "F:\Python\lib\site-packages\django\db\backends\utils.py", line 92, in _execute_with_wrappers
    return executor(sql, params, many, context)
  File "F:\Python\lib\site-packages\django\db\backends\utils.py", line 100, in _execute
    with self.db.wrap_database_errors:
  File "F:\Python\lib\site-packages\django\db\utils.py", line 91, in __exit__
    raise dj_exc_value.with_traceback(traceback) from exc_value
  File "F:\Python\lib\site-packages\django\db\backends\utils.py", line 105, in _execute
    return self.cursor.execute(sql, params)
  File "F:\Python\lib\site-packages\django\db\backends\mysql\base.py", line 76, in execute
    return self.cursor.execute(query, args)
  File "F:\Python\lib\site-packages\MySQLdb\cursors.py", line 179, in execute
    res = self._query(mogrified_query)
  File "F:\Python\lib\site-packages\MySQLdb\cursors.py", line 330, in _query
    db.query(q)
  File "F:\Python\lib\site-packages\MySQLdb\connections.py", line 280, in query
    _mysql.connection.query(self, query)
django.db.utils.OperationalError: (1054, "Unknown column 'agreements_agreement.remarks' in 'field list'")
"GET /admin/agreements/agreement/ HTTP/1.1" 500 203562
"GET /admin/accounts/vendor/ HTTP/1.1" 200 13866
Internal Server Error: /admin/agreements/agreement/
Traceback (most recent call last):
  File "F:\Python\lib\site-packages\django\db\backends\utils.py", line 105, in _execute
    return self.cursor.execute(sql, params)
  File "F:\Python\lib\site-packages\django\db\backends\mysql\base.py", line 76, in execute
    return self.cursor.execute(query, args)
  File "F:\Python\lib\site-packages\MySQLdb\cursors.py", line 179, in execute
    res = self._query(mogrified_query)
  File "F:\Python\lib\site-packages\MySQLdb\cursors.py", line 330, in _query
    db.query(q)
  File "F:\Python\lib\site-packages\MySQLdb\connections.py", line 280, in query
    _mysql.connection.query(self, query)
MySQLdb.OperationalError: (1054, "Unknown column 'agreements_agreement.remarks' in 'field list'")

The above exception was the direct cause of the following exception:

Traceback (most recent call last):
  File "F:\Python\lib\site-packages\django\core\handlers\exception.py", line 55, in inner
    response = get_response(request)
  File "F:\Python\lib\site-packages\django\core\handlers\base.py", line 197, in _get_response
    response = wrapped_callback(request, *callback_args, **callback_kwargs)
  File "F:\Python\lib\site-packages\django\contrib\admin\options.py", line 719, in wrapper
    return self.admin_site.admin_view(view)(*args, **kwargs)
  File "F:\Python\lib\site-packages\django\utils\decorators.py", line 192, in _view_wrapper
    result = _process_exception(request, e)
  File "F:\Python\lib\site-packages\django\utils\decorators.py", line 190, in _view_wrapper
    response = view_func(request, *args, **kwargs)
  File "F:\Python\lib\site-packages\django\views\decorators\cache.py", line 80, in _view_wrapper
    response = view_func(request, *args, **kwargs)
  File "F:\Python\lib\site-packages\django\contrib\admin\sites.py", line 246, in inner
    return view(request, *args, **kwargs)
  File "F:\Python\lib\site-packages\django\utils\decorators.py", line 48, in _wrapper
    return bound_method(*args, **kwargs)
  File "F:\Python\lib\site-packages\django\utils\decorators.py", line 192, in _view_wrapper
    result = _process_exception(request, e)
  File "F:\Python\lib\site-packages\django\utils\decorators.py", line 190, in _view_wrapper
    response = view_func(request, *args, **kwargs)
  File "F:\Python\lib\site-packages\django\contrib\admin\options.py", line 2163, in changelist_view
    "selection_note": _("0 of %(cnt)s selected") % {"cnt": len(cl.result_list)},
  File "F:\Python\lib\site-packages\django\db\models\query.py", line 366, in __len__
    self._fetch_all()
  File "F:\Python\lib\site-packages\django\db\models\query.py", line 1949, in _fetch_all
    self._result_cache = list(self._iterable_class(self))
  File "F:\Python\lib\site-packages\django\db\models\query.py", line 91, in __iter__
    results = compiler.execute_sql(
  File "F:\Python\lib\site-packages\django\db\models\sql\compiler.py", line 1623, in execute_sql
    cursor.execute(sql, params)
  File "F:\Python\lib\site-packages\django\db\backends\utils.py", line 122, in execute
    return super().execute(sql, params)
  File "F:\Python\lib\site-packages\django\db\backends\utils.py", line 79, in execute
    return self._execute_with_wrappers(
  File "F:\Python\lib\site-packages\django\db\backends\utils.py", line 92, in _execute_with_wrappers
    return executor(sql, params, many, context)
  File "F:\Python\lib\site-packages\django\db\backends\utils.py", line 100, in _execute
    with self.db.wrap_database_errors:
  File "F:\Python\lib\site-packages\django\db\utils.py", line 91, in __exit__
    raise dj_exc_value.with_traceback(traceback) from exc_value
  File "F:\Python\lib\site-packages\django\db\backends\utils.py", line 105, in _execute
    return self.cursor.execute(sql, params)
  File "F:\Python\lib\site-packages\django\db\backends\mysql\base.py", line 76, in execute
    return self.cursor.execute(query, args)
  File "F:\Python\lib\site-packages\MySQLdb\cursors.py", line 179, in execute
    res = self._query(mogrified_query)
  File "F:\Python\lib\site-packages\MySQLdb\cursors.py", line 330, in _query
    db.query(q)
  File "F:\Python\lib\site-packages\MySQLdb\connections.py", line 280, in query
    _mysql.connection.query(self, query)
django.db.utils.OperationalError: (1054, "Unknown column 'agreements_agreement.remarks' in 'field list'")
"GET /admin/agreements/agreement/ HTTP/1.1" 500 203562
"GET /admin/accounts/vendor/ HTTP/1.1" 200 13866
"GET /admin/agreements/agreementtype/ HTTP/1.1" 200 13538
"GET /admin/jsi18n/ HTTP/1.1" 200 3342
"GET /admin/accounts/vendor/ HTTP/1.1" 200 13866
"GET /admin/accounts/vendor/ HTTP/1.1" 200 13866
"GET /admin/jsi18n/ HTTP/1.1" 200 3342
"GET /admin/accounts/user/ HTTP/1.1" 200 17733
"GET /admin/jsi18n/ HTTP/1.1" 200 3342
"GET /admin/accounts/role/ HTTP/1.1" 200 12022
"GET /admin/jsi18n/ HTTP/1.1" 200 3342
"GET /admin/accounts/department/ HTTP/1.1" 200 16930
"GET /admin/jsi18n/ HTTP/1.1" 200 3342
"GET /admin/accounts/departmentpermission/ HTTP/1.1" 200 13771
"GET /admin/jsi18n/ HTTP/1.1" 200 3342
"GET /admin/accounts/user/ HTTP/1.1" 200 17733
"GET /admin/jsi18n/ HTTP/1.1" 200 3342
Internal Server Error: /admin/agreements/agreement/
Traceback (most recent call last):
  File "F:\Python\lib\site-packages\django\db\backends\utils.py", line 105, in _execute
    return self.cursor.execute(sql, params)
  File "F:\Python\lib\site-packages\django\db\backends\mysql\base.py", line 76, in execute
    return self.cursor.execute(query, args)
  File "F:\Python\lib\site-packages\MySQLdb\cursors.py", line 179, in execute
    res = self._query(mogrified_query)
  File "F:\Python\lib\site-packages\MySQLdb\cursors.py", line 330, in _query
    db.query(q)
  File "F:\Python\lib\site-packages\MySQLdb\connections.py", line 280, in query
    _mysql.connection.query(self, query)
MySQLdb.OperationalError: (1054, "Unknown column 'agreements_agreement.remarks' in 'field list'")

The above exception was the direct cause of the following exception:

Traceback (most recent call last):
  File "F:\Python\lib\site-packages\django\core\handlers\exception.py", line 55, in inner
    response = get_response(request)
  File "F:\Python\lib\site-packages\django\core\handlers\base.py", line 197, in _get_response
    response = wrapped_callback(request, *callback_args, **callback_kwargs)
  File "F:\Python\lib\site-packages\django\contrib\admin\options.py", line 719, in wrapper
    return self.admin_site.admin_view(view)(*args, **kwargs)
  File "F:\Python\lib\site-packages\django\utils\decorators.py", line 192, in _view_wrapper
    result = _process_exception(request, e)
  File "F:\Python\lib\site-packages\django\utils\decorators.py", line 190, in _view_wrapper
    response = view_func(request, *args, **kwargs)
  File "F:\Python\lib\site-packages\django\views\decorators\cache.py", line 80, in _view_wrapper
    response = view_func(request, *args, **kwargs)
  File "F:\Python\lib\site-packages\django\contrib\admin\sites.py", line 246, in inner
    return view(request, *args, **kwargs)
  File "F:\Python\lib\site-packages\django\utils\decorators.py", line 48, in _wrapper
    return bound_method(*args, **kwargs)
  File "F:\Python\lib\site-packages\django\utils\decorators.py", line 192, in _view_wrapper
    result = _process_exception(request, e)
  File "F:\Python\lib\site-packages\django\utils\decorators.py", line 190, in _view_wrapper
    response = view_func(request, *args, **kwargs)
  File "F:\Python\lib\site-packages\django\contrib\admin\options.py", line 2163, in changelist_view
    "selection_note": _("0 of %(cnt)s selected") % {"cnt": len(cl.result_list)},
  File "F:\Python\lib\site-packages\django\db\models\query.py", line 366, in __len__
    self._fetch_all()
  File "F:\Python\lib\site-packages\django\db\models\query.py", line 1949, in _fetch_all
    self._result_cache = list(self._iterable_class(self))
  File "F:\Python\lib\site-packages\django\db\models\query.py", line 91, in __iter__
    results = compiler.execute_sql(
  File "F:\Python\lib\site-packages\django\db\models\sql\compiler.py", line 1623, in execute_sql
    cursor.execute(sql, params)
  File "F:\Python\lib\site-packages\django\db\backends\utils.py", line 122, in execute
    return super().execute(sql, params)
  File "F:\Python\lib\site-packages\django\db\backends\utils.py", line 79, in execute
    return self._execute_with_wrappers(
  File "F:\Python\lib\site-packages\django\db\backends\utils.py", line 92, in _execute_with_wrappers
    return executor(sql, params, many, context)
  File "F:\Python\lib\site-packages\django\db\backends\utils.py", line 100, in _execute
    with self.db.wrap_database_errors:
  File "F:\Python\lib\site-packages\django\db\utils.py", line 91, in __exit__
    raise dj_exc_value.with_traceback(traceback) from exc_value
  File "F:\Python\lib\site-packages\django\db\backends\utils.py", line 105, in _execute
    return self.cursor.execute(sql, params)
  File "F:\Python\lib\site-packages\django\db\backends\mysql\base.py", line 76, in execute
    return self.cursor.execute(query, args)
  File "F:\Python\lib\site-packages\MySQLdb\cursors.py", line 179, in execute
    res = self._query(mogrified_query)
  File "F:\Python\lib\site-packages\MySQLdb\cursors.py", line 330, in _query
    db.query(q)
  File "F:\Python\lib\site-packages\MySQLdb\connections.py", line 280, in query
    _mysql.connection.query(self, query)
django.db.utils.OperationalError: (1054, "Unknown column 'agreements_agreement.remarks' in 'field list'")
"GET /admin/agreements/agreement/ HTTP/1.1" 500 203560
"GET /admin/agreements/ HTTP/1.1" 200 6224
"GET /admin/accounts/user/ HTTP/1.1" 200 17733
Internal Server Error: /admin/agreements/agreement/
Traceback (most recent call last):
  File "F:\Python\lib\site-packages\django\db\backends\utils.py", line 105, in _execute
    return self.cursor.execute(sql, params)
  File "F:\Python\lib\site-packages\django\db\backends\mysql\base.py", line 76, in execute
    return self.cursor.execute(query, args)
  File "F:\Python\lib\site-packages\MySQLdb\cursors.py", line 179, in execute
    res = self._query(mogrified_query)
  File "F:\Python\lib\site-packages\MySQLdb\cursors.py", line 330, in _query
    db.query(q)
  File "F:\Python\lib\site-packages\MySQLdb\connections.py", line 280, in query
    _mysql.connection.query(self, query)
MySQLdb.OperationalError: (1054, "Unknown column 'agreements_agreement.remarks' in 'field list'")

The above exception was the direct cause of the following exception:

Traceback (most recent call last):
  File "F:\Python\lib\site-packages\django\core\handlers\exception.py", line 55, in inner
    response = get_response(request)
  File "F:\Python\lib\site-packages\django\core\handlers\base.py", line 197, in _get_response
    response = wrapped_callback(request, *callback_args, **callback_kwargs)
  File "F:\Python\lib\site-packages\django\contrib\admin\options.py", line 719, in wrapper
    return self.admin_site.admin_view(view)(*args, **kwargs)
  File "F:\Python\lib\site-packages\django\utils\decorators.py", line 192, in _view_wrapper
    result = _process_exception(request, e)
  File "F:\Python\lib\site-packages\django\utils\decorators.py", line 190, in _view_wrapper
    response = view_func(request, *args, **kwargs)
  File "F:\Python\lib\site-packages\django\views\decorators\cache.py", line 80, in _view_wrapper
    response = view_func(request, *args, **kwargs)
  File "F:\Python\lib\site-packages\django\contrib\admin\sites.py", line 246, in inner
    return view(request, *args, **kwargs)
  File "F:\Python\lib\site-packages\django\utils\decorators.py", line 48, in _wrapper
    return bound_method(*args, **kwargs)
  File "F:\Python\lib\site-packages\django\utils\decorators.py", line 192, in _view_wrapper
    result = _process_exception(request, e)
  File "F:\Python\lib\site-packages\django\utils\decorators.py", line 190, in _view_wrapper
    response = view_func(request, *args, **kwargs)
  File "F:\Python\lib\site-packages\django\contrib\admin\options.py", line 2163, in changelist_view
    "selection_note": _("0 of %(cnt)s selected") % {"cnt": len(cl.result_list)},
  File "F:\Python\lib\site-packages\django\db\models\query.py", line 366, in __len__
    self._fetch_all()
  File "F:\Python\lib\site-packages\django\db\models\query.py", line 1949, in _fetch_all
    self._result_cache = list(self._iterable_class(self))
  File "F:\Python\lib\site-packages\django\db\models\query.py", line 91, in __iter__
    results = compiler.execute_sql(
  File "F:\Python\lib\site-packages\django\db\models\sql\compiler.py", line 1623, in execute_sql
    cursor.execute(sql, params)
  File "F:\Python\lib\site-packages\django\db\backends\utils.py", line 122, in execute
    return super().execute(sql, params)
  File "F:\Python\lib\site-packages\django\db\backends\utils.py", line 79, in execute
    return self._execute_with_wrappers(
  File "F:\Python\lib\site-packages\django\db\backends\utils.py", line 92, in _execute_with_wrappers
    return executor(sql, params, many, context)
  File "F:\Python\lib\site-packages\django\db\backends\utils.py", line 100, in _execute
    with self.db.wrap_database_errors:
  File "F:\Python\lib\site-packages\django\db\utils.py", line 91, in __exit__
    raise dj_exc_value.with_traceback(traceback) from exc_value
  File "F:\Python\lib\site-packages\django\db\backends\utils.py", line 105, in _execute
    return self.cursor.execute(sql, params)
  File "F:\Python\lib\site-packages\django\db\backends\mysql\base.py", line 76, in execute
    return self.cursor.execute(query, args)
  File "F:\Python\lib\site-packages\MySQLdb\cursors.py", line 179, in execute
    res = self._query(mogrified_query)
  File "F:\Python\lib\site-packages\MySQLdb\cursors.py", line 330, in _query
    db.query(q)
  File "F:\Python\lib\site-packages\MySQLdb\connections.py", line 280, in query
    _mysql.connection.query(self, query)
django.db.utils.OperationalError: (1054, "Unknown column 'agreements_agreement.remarks' in 'field list'")
"GET /admin/agreements/agreement/ HTTP/1.1" 500 203560
"GET /admin/accounts/user/ HTTP/1.1" 200 17733
"GET /api/dashboard-stats/ HTTP/1.1" 200 446
Internal Server Error: /admin/agreements/agreement/
Traceback (most recent call last):
  File "F:\Python\lib\site-packages\django\db\backends\utils.py", line 105, in _execute
    return self.cursor.execute(sql, params)
  File "F:\Python\lib\site-packages\django\db\backends\mysql\base.py", line 76, in execute
    return self.cursor.execute(query, args)
  File "F:\Python\lib\site-packages\MySQLdb\cursors.py", line 179, in execute
    res = self._query(mogrified_query)
  File "F:\Python\lib\site-packages\MySQLdb\cursors.py", line 330, in _query
    db.query(q)
  File "F:\Python\lib\site-packages\MySQLdb\connections.py", line 280, in query
    _mysql.connection.query(self, query)
MySQLdb.OperationalError: (1054, "Unknown column 'agreements_agreement.remarks' in 'field list'")

The above exception was the direct cause of the following exception:

Traceback (most recent call last):
  File "F:\Python\lib\site-packages\django\core\handlers\exception.py", line 55, in inner
    response = get_response(request)
  File "F:\Python\lib\site-packages\django\core\handlers\base.py", line 197, in _get_response
    response = wrapped_callback(request, *callback_args, **callback_kwargs)
  File "F:\Python\lib\site-packages\django\contrib\admin\options.py", line 719, in wrapper
    return self.admin_site.admin_view(view)(*args, **kwargs)
  File "F:\Python\lib\site-packages\django\utils\decorators.py", line 192, in _view_wrapper
    result = _process_exception(request, e)
  File "F:\Python\lib\site-packages\django\utils\decorators.py", line 190, in _view_wrapper
    response = view_func(request, *args, **kwargs)
  File "F:\Python\lib\site-packages\django\views\decorators\cache.py", line 80, in _view_wrapper
    response = view_func(request, *args, **kwargs)
  File "F:\Python\lib\site-packages\django\contrib\admin\sites.py", line 246, in inner
    return view(request, *args, **kwargs)
  File "F:\Python\lib\site-packages\django\utils\decorators.py", line 48, in _wrapper
    return bound_method(*args, **kwargs)
  File "F:\Python\lib\site-packages\django\utils\decorators.py", line 192, in _view_wrapper
    result = _process_exception(request, e)
  File "F:\Python\lib\site-packages\django\utils\decorators.py", line 190, in _view_wrapper
    response = view_func(request, *args, **kwargs)
  File "F:\Python\lib\site-packages\django\contrib\admin\options.py", line 2163, in changelist_view
    "selection_note": _("0 of %(cnt)s selected") % {"cnt": len(cl.result_list)},
  File "F:\Python\lib\site-packages\django\db\models\query.py", line 366, in __len__
    self._fetch_all()
  File "F:\Python\lib\site-packages\django\db\models\query.py", line 1949, in _fetch_all
    self._result_cache = list(self._iterable_class(self))
  File "F:\Python\lib\site-packages\django\db\models\query.py", line 91, in __iter__
    results = compiler.execute_sql(
  File "F:\Python\lib\site-packages\django\db\models\sql\compiler.py", line 1623, in execute_sql
    cursor.execute(sql, params)
  File "F:\Python\lib\site-packages\django\db\backends\utils.py", line 122, in execute
    return super().execute(sql, params)
  File "F:\Python\lib\site-packages\django\db\backends\utils.py", line 79, in execute
    return self._execute_with_wrappers(
  File "F:\Python\lib\site-packages\django\db\backends\utils.py", line 92, in _execute_with_wrappers
    return executor(sql, params, many, context)
  File "F:\Python\lib\site-packages\django\db\backends\utils.py", line 100, in _execute
    with self.db.wrap_database_errors:
  File "F:\Python\lib\site-packages\django\db\utils.py", line 91, in __exit__
    raise dj_exc_value.with_traceback(traceback) from exc_value
  File "F:\Python\lib\site-packages\django\db\backends\utils.py", line 105, in _execute
    return self.cursor.execute(sql, params)
  File "F:\Python\lib\site-packages\django\db\backends\mysql\base.py", line 76, in execute
    return self.cursor.execute(query, args)
  File "F:\Python\lib\site-packages\MySQLdb\cursors.py", line 179, in execute
    res = self._query(mogrified_query)
  File "F:\Python\lib\site-packages\MySQLdb\cursors.py", line 330, in _query
    db.query(q)
  File "F:\Python\lib\site-packages\MySQLdb\connections.py", line 280, in query
    _mysql.connection.query(self, query)
django.db.utils.OperationalError: (1054, "Unknown column 'agreements_agreement.remarks' in 'field list'")
"GET /admin/agreements/agreement/ HTTP/1.1" 500 203560
Watching for file changes with StatReloader
"GET /admin/ HTTP/1.1" 200 15609
Watching for file changes with StatReloader
Not Found: /
"GET / HTTP/1.1" 404 3103
"GET /api/dashboard-stats/ HTTP/1.1" 200 446
"GET /admin/ HTTP/1.1" 302 0
"GET /admin/login/?next=/admin/ HTTP/1.1" 200 4190
"GET /api/dashboard-stats/ HTTP/1.1" 200 446
"POST /admin/login/?next=/admin/ HTTP/1.1" 200 4373
"GET /api/dashboard-stats/ HTTP/1.1" 200 446
"POST /admin/login/?next=/admin/ HTTP/1.1" 302 0
"GET /admin/ HTTP/1.1" 200 15609
"GET /api/dashboard-stats/ HTTP/1.1" 200 446
"GET /admin/agreements/agreement/ HTTP/1.1" 200 14676
"GET /admin/jsi18n/ HTTP/1.1" 200 3342
"GET /admin/agreements/agreementtype/ HTTP/1.1" 200 13538
"GET /admin/jsi18n/ HTTP/1.1" 200 3342
"GET /admin/accounts/vendor/ HTTP/1.1" 200 13866
"GET /admin/jsi18n/ HTTP/1.1" 200 3342
"GET /admin/accounts/user/ HTTP/1.1" 200 17733
"GET /admin/jsi18n/ HTTP/1.1" 200 3342
"GET /admin/accounts/role/ HTTP/1.1" 200 12022
"GET /admin/jsi18n/ HTTP/1.1" 200 3342
"GET /admin/accounts/department/ HTTP/1.1" 200 16930
"GET /admin/jsi18n/ HTTP/1.1" 200 3342
"GET /admin/accounts/departmentpermission/ HTTP/1.1" 200 13771
"GET /admin/jsi18n/ HTTP/1.1" 200 3342
"GET /admin/agreements/agreement/ HTTP/1.1" 200 14676
"GET /admin/jsi18n/ HTTP/1.1" 200 3342
"GET /api/dashboard-stats/ HTTP/1.1" 200 446
"GET /admin/agreements/agreement/ HTTP/1.1" 200 14676
"GET /admin/jsi18n/ HTTP/1.1" 200 3342
"GET /api/dashboard-stats/ HTTP/1.1" 200 446
"OPTIONS /api/agreements/ HTTP/1.1" 200 0
"OPTIONS /api/agreements/form-data/ HTTP/1.1" 200 0
"OPTIONS /api/agreements/form-data/ HTTP/1.1" 200 0
"OPTIONS /api/agreements/ HTTP/1.1" 200 0
"GET /api/agreements/ HTTP/1.1" 200 2
"GET /api/agreements/form-data/ HTTP/1.1" 200 157
"GET /api/agreements/ HTTP/1.1" 200 2
"GET /api/agreements/form-data/ HTTP/1.1" 200 157
"OPTIONS /api/users/available/ HTTP/1.1" 200 0
"OPTIONS /api/users/available/ HTTP/1.1" 200 0
"GET /api/users/available/ HTTP/1.1" 200 200
"GET /api/agreements/form-data/ HTTP/1.1" 200 157
"OPTIONS /api/accounts/vendors/ HTTP/1.1" 200 0
"GET /api/users/available/ HTTP/1.1" 200 200
"GET /api/agreements/form-data/ HTTP/1.1" 200 157
"GET /api/accounts/vendors/ HTTP/1.1" 200 89
"GET /api/agreements/form-data/ HTTP/1.1" 200 157
"GET /api/accounts/vendors/ HTTP/1.1" 200 89
"GET /api/agreements/form-data/ HTTP/1.1" 200 157
"GET /api/agreements/form-data/ HTTP/1.1" 200 157
"GET /api/agreements/ HTTP/1.1" 200 2
"GET /api/agreements/form-data/ HTTP/1.1" 200 157
"GET /api/agreements/ HTTP/1.1" 200 2
"GET /api/users/available/ HTTP/1.1" 200 200
"GET /api/agreements/form-data/ HTTP/1.1" 200 157
"GET /api/users/available/ HTTP/1.1" 200 200
"GET /api/agreements/form-data/ HTTP/1.1" 200 157
"GET /api/accounts/vendors/ HTTP/1.1" 200 89
"GET /api/agreements/form-data/ HTTP/1.1" 200 157
"GET /api/agreements/form-data/ HTTP/1.1" 200 157
"GET /api/accounts/vendors/ HTTP/1.1" 200 89
"GET /api/agreements/form-data/ HTTP/1.1" 200 157
"GET /api/agreements/ HTTP/1.1" 200 2
"GET /api/agreements/form-data/ HTTP/1.1" 200 157
"GET /api/agreements/ HTTP/1.1" 200 2
"GET /api/users/available/ HTTP/1.1" 200 200
"GET /api/agreements/form-data/ HTTP/1.1" 200 157
"GET /api/users/available/ HTTP/1.1" 200 200
"GET /api/agreements/form-data/ HTTP/1.1" 200 157
"GET /api/accounts/vendors/ HTTP/1.1" 200 89
"GET /api/agreements/form-data/ HTTP/1.1" 200 157
"GET /api/agreements/form-data/ HTTP/1.1" 200 157
"GET /api/accounts/vendors/ HTTP/1.1" 200 89
"GET /admin/agreements/agreementtype/ HTTP/1.1" 200 13538
"GET /admin/jsi18n/ HTTP/1.1" 200 3342
"GET /admin/agreements/agreementtype/add/ HTTP/1.1" 200 17213
"GET /admin/jsi18n/ HTTP/1.1" 200 3342
"POST /admin/agreements/agreementtype/add/ HTTP/1.1" 302 0
"GET /admin/agreements/agreementtype/ HTTP/1.1" 200 16114
"GET /admin/jsi18n/ HTTP/1.1" 200 3342
"GET /api/get-csrf/ HTTP/1.1" 200 29
"GET /api/users/available/ HTTP/1.1" 200 200
"GET /api/get-csrf/ HTTP/1.1" 200 29
"GET /api/agreements/form-data/ HTTP/1.1" 200 157
"GET /api/users/available/ HTTP/1.1" 200 200
"GET /api/agreements/form-data/ HTTP/1.1" 200 157
"GET /api/accounts/vendors/ HTTP/1.1" 200 89
"GET /api/agreements/form-data/ HTTP/1.1" 200 157
"GET /api/agreements/form-data/ HTTP/1.1" 200 157
"GET /api/accounts/vendors/ HTTP/1.1" 200 89
"GET /admin/accounts/department/ HTTP/1.1" 200 16930
"GET /admin/jsi18n/ HTTP/1.1" 200 3342
"GET /admin/accounts/user/ HTTP/1.1" 200 17733
"GET /admin/jsi18n/ HTTP/1.1" 200 3342
"GET /admin/accounts/user/2/change/ HTTP/1.1" 200 32098
"GET /admin/jsi18n/ HTTP/1.1" 200 3342
"POST /admin/accounts/user/2/change/ HTTP/1.1" 302 0
"GET /admin/accounts/user/ HTTP/1.1" 200 17937
"GET /admin/jsi18n/ HTTP/1.1" 200 3342
"POST /admin/logout/ HTTP/1.1" 302 0
"GET /api/get-csrf/ HTTP/1.1" 200 29
"GET /api/get-csrf/ HTTP/1.1" 200 29
"GET /api/dashboard-stats/ HTTP/1.1" 200 446
"GET /api/dashboard-stats/ HTTP/1.1" 200 446
"GET /api/get-csrf/ HTTP/1.1" 200 29
"POST /api/accounts/login/ HTTP/1.1" 200 280
"GET /api/dashboard-stats/ HTTP/1.1" 200 446
"GET /api/dashboard-stats/ HTTP/1.1" 200 446
"GET /api/agreements/form-data/ HTTP/1.1" 200 146
"GET /api/agreements/ HTTP/1.1" 200 2
"GET /api/agreements/form-data/ HTTP/1.1" 200 146
"GET /api/agreements/ HTTP/1.1" 200 2
"GET /api/users/available/ HTTP/1.1" 200 200
"GET /api/agreements/form-data/ HTTP/1.1" 200 146
"GET /api/users/available/ HTTP/1.1" 200 200
"GET /api/agreements/form-data/ HTTP/1.1" 200 146
"GET /api/accounts/vendors/ HTTP/1.1" 200 89
"GET /api/agreements/form-data/ HTTP/1.1" 200 146
"GET /api/agreements/form-data/ HTTP/1.1" 200 146
"GET /api/accounts/vendors/ HTTP/1.1" 200 89
"GET /admin/ HTTP/1.1" 302 0
"GET /admin/login/?next=/admin/ HTTP/1.1" 200 4190
"GET /static/admin/css/base.css HTTP/1.1" 200 22120
"GET /static/admin/css/nav_sidebar.css HTTP/1.1" 200 2810
"GET /static/admin/css/login.css HTTP/1.1" 200 951
"GET /static/admin/css/responsive.css HTTP/1.1" 200 16565
"GET /static/admin/css/dark_mode.css HTTP/1.1" 200 2808
"GET /static/admin/js/nav_sidebar.js HTTP/1.1" 200 3063
"GET /static/admin/js/theme.js HTTP/1.1" 200 1653
"POST /admin/login/?next=/admin/ HTTP/1.1" 302 0
"GET /admin/ HTTP/1.1" 200 15617
"GET /static/admin/css/dashboard.css HTTP/1.1" 200 441
"GET /static/admin/img/icon-addlink.svg HTTP/1.1" 200 331
"GET /static/admin/img/icon-changelink.svg HTTP/1.1" 200 380
"GET /admin/accounts/user/ HTTP/1.1" 200 17733
"GET /static/admin/css/changelists.css HTTP/1.1" 200 6878
"GET /admin/jsi18n/ HTTP/1.1" 200 3342
"GET /static/admin/js/jquery.init.js HTTP/1.1" 200 347
"GET /static/admin/js/admin/RelatedObjectLookups.js HTTP/1.1" 200 9777
"GET /static/admin/js/prepopulate.js HTTP/1.1" 200 1531
"GET /static/admin/js/actions.js HTTP/1.1" 200 8076
"GET /static/admin/js/urlify.js HTTP/1.1" 200 7887
"GET /static/admin/js/core.js HTTP/1.1" 200 6208
"GET /static/admin/js/vendor/jquery/jquery.js HTTP/1.1" 200 285314
"GET /static/admin/img/icon-no.svg HTTP/1.1" 200 560
"GET /static/admin/img/search.svg HTTP/1.1" 200 458
"GET /static/admin/js/vendor/xregexp/xregexp.js HTTP/1.1" 200 325171
"GET /static/admin/img/icon-yes.svg HTTP/1.1" 200 436
"GET /static/admin/js/filters.js HTTP/1.1" 200 978
"GET /static/admin/img/icon-viewlink.svg HTTP/1.1" 200 581
"GET /static/admin/img/tooltag-add.svg HTTP/1.1" 200 331
"GET /static/admin/img/sorting-icons.svg HTTP/1.1" 200 1097
"GET /admin/accounts/user/2/change/ HTTP/1.1" 200 32082
"GET /static/admin/css/forms.css HTTP/1.1" 200 8525
"GET /static/admin/js/SelectBox.js HTTP/1.1" 200 4530
"GET /static/admin/js/admin/DateTimeShortcuts.js HTTP/1.1" 200 19319
"GET /static/admin/js/SelectFilter2.js HTTP/1.1" 200 15845
"GET /static/admin/js/calendar.js HTTP/1.1" 200 9141
"GET /admin/jsi18n/ HTTP/1.1" 200 3342
"GET /static/admin/js/prepopulate_init.js HTTP/1.1" 200 586
"GET /static/admin/img/icon-deletelink.svg HTTP/1.1" 200 392
"GET /static/admin/js/change_form.js HTTP/1.1" 200 606
"GET /static/admin/css/widgets.css HTTP/1.1" 200 11991
"GET /static/admin/img/icon-clock.svg HTTP/1.1" 200 677
"GET /static/admin/img/icon-calendar.svg HTTP/1.1" 200 1086
"GET /static/admin/img/selector-icons.svg HTTP/1.1" 200 3291
"POST /admin/accounts/user/2/change/ HTTP/1.1" 302 0
"GET /admin/accounts/user/ HTTP/1.1" 200 17933
"GET /admin/jsi18n/ HTTP/1.1" 200 3342
"GET /api/get-csrf/ HTTP/1.1" 200 29
"GET /api/get-csrf/ HTTP/1.1" 200 29
"GET /api/users/available/ HTTP/1.1" 200 106
"GET /api/agreements/form-data/ HTTP/1.1" 200 138
"GET /api/users/available/ HTTP/1.1" 200 106
"GET /api/accounts/vendors/ HTTP/1.1" 200 89
"GET /api/agreements/form-data/ HTTP/1.1" 200 138
"GET /api/agreements/form-data/ HTTP/1.1" 200 138
"GET /api/accounts/vendors/ HTTP/1.1" 200 89
"GET /api/agreements/form-data/ HTTP/1.1" 200 138
"GET /api/get-csrf/ HTTP/1.1" 200 29
"GET /api/get-csrf/ HTTP/1.1" 200 29
"GET /api/agreements/form-data/ HTTP/1.1" 200 138
"GET /api/users/available/ HTTP/1.1" 200 106
"GET /api/agreements/form-data/ HTTP/1.1" 200 138
"GET /api/accounts/vendors/ HTTP/1.1" 200 89
"GET /api/users/available/ HTTP/1.1" 200 106
"GET /api/agreements/form-data/ HTTP/1.1" 200 138
"GET /api/accounts/vendors/ HTTP/1.1" 200 89
"GET /api/agreements/form-data/ HTTP/1.1" 200 138
"GET /admin/agreements/agreementtype/ HTTP/1.1" 200 15899
"GET /admin/jsi18n/ HTTP/1.1" 200 3342
"GET /admin/agreements/agreementtype/add/ HTTP/1.1" 200 17213
"GET /admin/jsi18n/ HTTP/1.1" 200 3342
"POST /admin/agreements/agreementtype/add/ HTTP/1.1" 302 0
"GET /admin/agreements/agreementtype/ HTTP/1.1" 200 16692
"GET /admin/jsi18n/ HTTP/1.1" 200 3342
"GET /api/get-csrf/ HTTP/1.1" 200 29
"GET /api/get-csrf/ HTTP/1.1" 200 29
"GET /api/users/available/ HTTP/1.1" 200 106
"GET /api/agreements/form-data/ HTTP/1.1" 200 138
"GET /api/users/available/ HTTP/1.1" 200 106
"GET /api/agreements/form-data/ HTTP/1.1" 200 138
"GET /api/accounts/vendors/ HTTP/1.1" 200 89
"GET /api/agreements/form-data/ HTTP/1.1" 200 138
"GET /api/agreements/form-data/ HTTP/1.1" 200 138
"GET /api/accounts/vendors/ HTTP/1.1" 200 89
"GET /admin/accounts/departmentpermission/ HTTP/1.1" 200 13771
"GET /admin/jsi18n/ HTTP/1.1" 200 3342
"GET /admin/accounts/departmentpermission/add/ HTTP/1.1" 200 19294
"GET /admin/jsi18n/ HTTP/1.1" 200 3342
"GET /admin/accounts/user/ HTTP/1.1" 200 17729
"GET /admin/jsi18n/ HTTP/1.1" 200 3342
"GET /admin/accounts/user/add/ HTTP/1.1" 200 21941
"GET /static/admin/css/unusable_password_field.css HTTP/1.1" 200 663
"GET /admin/jsi18n/ HTTP/1.1" 200 3342
"GET /static/admin/js/unusable_password_field.js HTTP/1.1" 200 1480
"POST /admin/accounts/user/add/ HTTP/1.1" 302 0
"GET /admin/accounts/user/3/change/ HTTP/1.1" 200 32331
"GET /admin/jsi18n/ HTTP/1.1" 200 3342
"GET /admin/accounts/user/ HTTP/1.1" 200 18406
"GET /admin/jsi18n/ HTTP/1.1" 200 3342
"GET /admin/accounts/user/3/change/ HTTP/1.1" 200 32091
"GET /admin/jsi18n/ HTTP/1.1" 200 3342
"GET /admin/accounts/user/ HTTP/1.1" 200 18406
"GET /admin/jsi18n/ HTTP/1.1" 200 3342
"GET /admin/accounts/user/add/ HTTP/1.1" 200 21941
"GET /admin/jsi18n/ HTTP/1.1" 200 3342
"GET /admin/accounts/department/ HTTP/1.1" 200 16930
"GET /admin/jsi18n/ HTTP/1.1" 200 3342
"GET /admin/accounts/department/6/change/ HTTP/1.1" 200 16655
"GET /admin/jsi18n/ HTTP/1.1" 200 3342
"GET /admin/accounts/user/ HTTP/1.1" 200 18406
"GET /admin/jsi18n/ HTTP/1.1" 200 3342
"GET /admin/agreements/agreement/ HTTP/1.1" 200 15077
"GET /admin/jsi18n/ HTTP/1.1" 200 3342
"GET /admin/agreements/agreementtype/ HTTP/1.1" 200 16473
"GET /admin/jsi18n/ HTTP/1.1" 200 3342
"GET /admin/accounts/departmentpermission/ HTTP/1.1" 200 13771
"GET /admin/jsi18n/ HTTP/1.1" 200 3342
"GET /admin/accounts/departmentpermission/add/ HTTP/1.1" 200 19398
"GET /admin/jsi18n/ HTTP/1.1" 200 3342
"POST /admin/accounts/departmentpermission/add/ HTTP/1.1" 302 0
"GET /admin/accounts/departmentpermission/ HTTP/1.1" 200 16147
"GET /admin/jsi18n/ HTTP/1.1" 200 3342
"GET /api/get-csrf/ HTTP/1.1" 200 29
"GET /api/get-csrf/ HTTP/1.1" 200 29
"GET /api/users/available/ HTTP/1.1" 200 106
"GET /api/agreements/form-data/ HTTP/1.1" 200 159
"GET /api/users/available/ HTTP/1.1" 200 106
"GET /api/agreements/form-data/ HTTP/1.1" 200 159
"GET /api/accounts/vendors/ HTTP/1.1" 200 89
"GET /api/agreements/form-data/ HTTP/1.1" 200 159
"GET /api/agreements/form-data/ HTTP/1.1" 200 159
"GET /api/accounts/vendors/ HTTP/1.1" 200 89
F:\Sonali Intellect\Agreement Tracking Module\SP new version\SP\atm\agreements\urls_api.py changed, reloading.
Watching for file changes with StatReloader
F:\Sonali Intellect\Agreement Tracking Module\SP new version\SP\atm\agreements\urls_api.py changed, reloading.
Watching for file changes with StatReloader
F:\Sonali Intellect\Agreement Tracking Module\SP new version\SP\atm\agreements\views_api.py changed, reloading.
Watching for file changes with StatReloader
F:\Sonali Intellect\Agreement Tracking Module\SP new version\SP\atm\agreements\views_api.py changed, reloading.
Watching for file changes with StatReloader
F:\Sonali Intellect\Agreement Tracking Module\SP new version\SP\atm\agreements\views_api.py changed, reloading.
Watching for file changes with StatReloader
"GET /api/get-csrf/ HTTP/1.1" 200 29
"GET /api/get-csrf/ HTTP/1.1" 200 29
"GET /api/users/available/ HTTP/1.1" 200 106
"GET /api/agreements/form-data/ HTTP/1.1" 200 309
"GET /api/users/available/ HTTP/1.1" 200 106
"GET /api/agreements/form-data/ HTTP/1.1" 200 309
"GET /api/accounts/vendors/ HTTP/1.1" 200 89
"GET /api/agreements/form-data/ HTTP/1.1" 200 309
"GET /api/accounts/vendors/ HTTP/1.1" 200 89
"GET /api/agreements/form-data/ HTTP/1.1" 200 309
"OPTIONS /api/agreements/submit/ HTTP/1.1" 200 0
Internal Server Error: /api/agreements/submit/
"POST /api/agreements/submit/ HTTP/1.1" 500 161
Internal Server Error: /api/agreements/submit/
"POST /api/agreements/submit/ HTTP/1.1" 500 161
Internal Server Error: /api/agreements/submit/
"POST /api/agreements/submit/ HTTP/1.1" 500 161
"GET /api/agreements/ HTTP/1.1" 200 2
"GET /api/agreements/form-data/ HTTP/1.1" 200 309
"GET /api/agreements/ HTTP/1.1" 200 2
"GET /api/agreements/form-data/ HTTP/1.1" 200 309
"GET /api/users/available/ HTTP/1.1" 200 106
"GET /api/agreements/form-data/ HTTP/1.1" 200 309
"GET /api/users/available/ HTTP/1.1" 200 106
"GET /api/accounts/vendors/ HTTP/1.1" 200 89
"GET /api/agreements/form-data/ HTTP/1.1" 200 309
"GET /api/agreements/form-data/ HTTP/1.1" 200 309
"GET /api/agreements/form-data/ HTTP/1.1" 200 309
"GET /api/accounts/vendors/ HTTP/1.1" 200 89
Internal Server Error: /api/agreements/submit/
"POST /api/agreements/submit/ HTTP/1.1" 500 161
Internal Server Error: /api/agreements/submit/
"POST /api/agreements/submit/ HTTP/1.1" 500 161
"GET /admin/agreements/agreement/ HTTP/1.1" 200 15077
"GET /admin/jsi18n/ HTTP/1.1" 200 3342
"GET /admin/agreements/agreement/add/ HTTP/1.1" 200 28539
"GET /admin/jsi18n/ HTTP/1.1" 200 3342
"GET /static/admin/img/calendar-icons.svg HTTP/1.1" 200 2455
"POST /admin/agreements/agreement/add/ HTTP/1.1" 302 0
"GET /admin/agreements/agreement/ HTTP/1.1" 200 18309
"GET /admin/jsi18n/ HTTP/1.1" 200 3342
"OPTIONS /api/dashboard-stats/ HTTP/1.1" 200 0
"OPTIONS /api/dashboard-stats/ HTTP/1.1" 200 0
"GET /api/dashboard-stats/ HTTP/1.1" 200 446
"GET /api/dashboard-stats/ HTTP/1.1" 200 446
"GET /api/agreements/ HTTP/1.1" 200 816
"GET /api/agreements/form-data/ HTTP/1.1" 200 309
"GET /api/agreements/ HTTP/1.1" 200 816
"GET /api/agreements/form-data/ HTTP/1.1" 200 309
"OPTIONS /api/agreements/1/ HTTP/1.1" 200 0
"OPTIONS /api/agreements/1/ HTTP/1.1" 200 0
"GET /api/accounts/vendors/ HTTP/1.1" 200 89
"GET /api/accounts/vendors/ HTTP/1.1" 200 89
"GET /api/agreements/form-data/ HTTP/1.1" 200 309
"GET /api/agreements/1/ HTTP/1.1" 200 814
"OPTIONS /api/agreements/1/users-with-access/ HTTP/1.1" 200 0
"OPTIONS /api/agreements/1/users-with-access/ HTTP/1.1" 200 0
"GET /api/agreements/form-data/ HTTP/1.1" 200 309
"GET /api/agreements/1/users-with-access/ HTTP/1.1" 200 137
"GET /api/agreements/1/ HTTP/1.1" 200 814
"GET /api/agreements/1/users-with-access/ HTTP/1.1" 200 137
"GET /api/agreements/form-data/ HTTP/1.1" 200 309
"GET /api/agreements/ HTTP/1.1" 200 816
"GET /api/agreements/form-data/ HTTP/1.1" 200 309
"GET /api/agreements/ HTTP/1.1" 200 816
"GET /api/accounts/vendors/ HTTP/1.1" 200 89
"GET /api/agreements/form-data/ HTTP/1.1" 200 309
"GET /api/accounts/vendors/ HTTP/1.1" 200 89
"GET /api/agreements/1/ HTTP/1.1" 200 814
"GET /api/agreements/form-data/ HTTP/1.1" 200 309
"GET /api/agreements/1/users-with-access/ HTTP/1.1" 200 137
"GET /api/agreements/1/ HTTP/1.1" 200 814
"GET /api/agreements/1/users-with-access/ HTTP/1.1" 200 137
"GET /api/users/available/ HTTP/1.1" 200 106
"GET /api/agreements/form-data/ HTTP/1.1" 200 309
"GET /api/accounts/vendors/ HTTP/1.1" 200 89
"GET /api/agreements/form-data/ HTTP/1.1" 200 309
"GET /api/agreements/form-data/ HTTP/1.1" 200 309
"GET /api/agreements/ HTTP/1.1" 200 816
"GET /api/agreements/form-data/ HTTP/1.1" 200 309
"GET /api/agreements/ HTTP/1.1" 200 816
"GET /api/users/available/ HTTP/1.1" 200 106
"GET /api/agreements/form-data/ HTTP/1.1" 200 309
"GET /api/users/available/ HTTP/1.1" 200 106
"GET /api/accounts/vendors/ HTTP/1.1" 200 89
"GET /api/agreements/form-data/ HTTP/1.1" 200 309
"GET /api/agreements/form-data/ HTTP/1.1" 200 309
"GET /api/accounts/vendors/ HTTP/1.1" 200 89
"GET /api/agreements/form-data/ HTTP/1.1" 200 309
"GET /api/agreements/form-data/ HTTP/1.1" 200 309
"GET /api/agreements/ HTTP/1.1" 200 816
"GET /api/agreements/form-data/ HTTP/1.1" 200 309
"GET /api/agreements/ HTTP/1.1" 200 816
"GET /api/accounts/vendors/ HTTP/1.1" 200 89
"GET /api/agreements/form-data/ HTTP/1.1" 200 309
"GET /api/accounts/vendors/ HTTP/1.1" 200 89
"GET /api/agreements/1/ HTTP/1.1" 200 814
"GET /api/agreements/form-data/ HTTP/1.1" 200 309
"GET /api/agreements/1/users-with-access/ HTTP/1.1" 200 137
"GET /api/agreements/1/ HTTP/1.1" 200 814
"GET /api/agreements/1/users-with-access/ HTTP/1.1" 200 137
"GET /api/get-csrf/ HTTP/1.1" 200 29
"GET /api/get-csrf/ HTTP/1.1" 200 29
"GET /api/agreements/form-data/ HTTP/1.1" 200 309
"GET /api/accounts/vendors/ HTTP/1.1" 200 89
"GET /api/agreements/1/ HTTP/1.1" 200 814
"GET /api/accounts/vendors/ HTTP/1.1" 200 89
"GET /api/agreements/form-data/ HTTP/1.1" 200 309
"GET /api/agreements/1/users-with-access/ HTTP/1.1" 200 137
"GET /api/agreements/1/ HTTP/1.1" 200 814
"GET /api/agreements/1/users-with-access/ HTTP/1.1" 200 137
"GET /api/agreements/form-data/ HTTP/1.1" 200 309
"GET /api/agreements/ HTTP/1.1" 200 816
"GET /api/agreements/form-data/ HTTP/1.1" 200 309
"GET /api/agreements/ HTTP/1.1" 200 816
"GET /api/agreements/form-data/ HTTP/1.1" 200 309
"GET /api/users/available/ HTTP/1.1" 200 106
"GET /api/users/available/ HTTP/1.1" 200 106
"GET /api/accounts/vendors/ HTTP/1.1" 200 89
"GET /api/agreements/form-data/ HTTP/1.1" 200 309
"GET /api/agreements/form-data/ HTTP/1.1" 200 309
"GET /api/agreements/form-data/ HTTP/1.1" 200 309
"GET /api/accounts/vendors/ HTTP/1.1" 200 89
Internal Server Error: /api/agreements/submit/
"POST /api/agreements/submit/ HTTP/1.1" 500 161
Internal Server Error: /api/agreements/submit/
"POST /api/agreements/submit/ HTTP/1.1" 500 161
Internal Server Error: /api/agreements/submit/
"POST /api/agreements/submit/ HTTP/1.1" 500 161
Internal Server Error: /api/agreements/submit/
"POST /api/agreements/submit/ HTTP/1.1" 500 161
Internal Server Error: /api/agreements/submit/
"POST /api/agreements/submit/ HTTP/1.1" 500 161
Internal Server Error: /api/agreements/submit/
"POST /api/agreements/submit/ HTTP/1.1" 500 161
Internal Server Error: /api/agreements/submit/
"POST /api/agreements/submit/ HTTP/1.1" 500 161
Internal Server Error: /api/agreements/submit/
"POST /api/agreements/submit/ HTTP/1.1" 500 161
"GET /api/agreements/form-data/ HTTP/1.1" 200 309
"GET /api/agreements/ HTTP/1.1" 200 816
"GET /api/agreements/form-data/ HTTP/1.1" 200 309
"GET /api/agreements/ HTTP/1.1" 200 816
"GET /api/agreements/form-data/ HTTP/1.1" 200 309
"GET /api/users/available/ HTTP/1.1" 200 106
"GET /api/users/available/ HTTP/1.1" 200 106
"GET /api/accounts/vendors/ HTTP/1.1" 200 89
"GET /api/agreements/form-data/ HTTP/1.1" 200 309
"GET /api/agreements/form-data/ HTTP/1.1" 200 309
"GET /api/agreements/form-data/ HTTP/1.1" 200 309
"GET /api/accounts/vendors/ HTTP/1.1" 200 89
"GET /api/agreements/form-data/ HTTP/1.1" 200 309
"GET /api/agreements/ HTTP/1.1" 200 816
"GET /api/agreements/form-data/ HTTP/1.1" 200 309
"GET /api/agreements/ HTTP/1.1" 200 816
"GET /api/users/available/ HTTP/1.1" 200 106
"GET /api/agreements/form-data/ HTTP/1.1" 200 309
"GET /api/agreements/form-data/ HTTP/1.1" 200 309
"GET /api/accounts/vendors/ HTTP/1.1" 200 89
"GET /api/users/available/ HTTP/1.1" 200 106
"GET /api/agreements/form-data/ HTTP/1.1" 200 309
"GET /api/users/available/ HTTP/1.1" 200 106
"GET /api/accounts/vendors/ HTTP/1.1" 200 89
"GET /api/agreements/form-data/ HTTP/1.1" 200 309
"GET /api/agreements/form-data/ HTTP/1.1" 200 309
"GET /api/accounts/vendors/ HTTP/1.1" 200 89
"GET /api/agreements/form-data/ HTTP/1.1" 200 309
Internal Server Error: /api/agreements/submit/
"POST /api/agreements/submit/ HTTP/1.1" 500 161
"GET /api/users/available/ HTTP/1.1" 200 106
"GET /api/agreements/form-data/ HTTP/1.1" 200 309
"GET /api/agreements/form-data/ HTTP/1.1" 200 309
"GET /api/accounts/vendors/ HTTP/1.1" 200 89
"GET /api/get-csrf/ HTTP/1.1" 200 29
"GET /api/get-csrf/ HTTP/1.1" 200 29
"GET /api/users/available/ HTTP/1.1" 200 106
"GET /api/agreements/form-data/ HTTP/1.1" 200 309
"GET /api/users/available/ HTTP/1.1" 200 106
"GET /api/agreements/form-data/ HTTP/1.1" 200 309
"GET /api/accounts/vendors/ HTTP/1.1" 200 89
"GET /api/agreements/form-data/ HTTP/1.1" 200 309
"GET /api/agreements/form-data/ HTTP/1.1" 200 309
"GET /api/accounts/vendors/ HTTP/1.1" 200 89
Internal Server Error: /api/agreements/submit/
"POST /api/agreements/submit/ HTTP/1.1" 500 161
"GET /api/users/available/ HTTP/1.1" 200 106
"GET /api/agreements/form-data/ HTTP/1.1" 200 309
"GET /api/users/available/ HTTP/1.1" 200 106
"GET /api/agreements/form-data/ HTTP/1.1" 200 309
"GET /api/accounts/vendors/ HTTP/1.1" 200 89
"GET /api/agreements/form-data/ HTTP/1.1" 200 309
"GET /api/accounts/vendors/ HTTP/1.1" 200 89
"GET /api/agreements/form-data/ HTTP/1.1" 200 309
"GET /api/get-csrf/ HTTP/1.1" 200 29
"GET /api/get-csrf/ HTTP/1.1" 200 29
"GET /api/users/available/ HTTP/1.1" 200 106
"GET /api/agreements/form-data/ HTTP/1.1" 200 309
"GET /api/users/available/ HTTP/1.1" 200 106
"GET /api/accounts/vendors/ HTTP/1.1" 200 89
"GET /api/agreements/form-data/ HTTP/1.1" 200 309
"GET /api/agreements/form-data/ HTTP/1.1" 200 309
"GET /api/agreements/form-data/ HTTP/1.1" 200 309
"GET /api/accounts/vendors/ HTTP/1.1" 200 89
Bad Request: /api/agreements/submit/
"POST /api/agreements/submit/ HTTP/1.1" 400 166
"GET /api/agreements/form-data/ HTTP/1.1" 200 309
"GET /api/agreements/ HTTP/1.1" 200 816
"GET /api/agreements/form-data/ HTTP/1.1" 200 309
"GET /api/agreements/ HTTP/1.1" 200 816
"GET /api/users/available/ HTTP/1.1" 200 106
"GET /api/agreements/form-data/ HTTP/1.1" 200 309
"GET /api/users/available/ HTTP/1.1" 200 106
"GET /api/agreements/form-data/ HTTP/1.1" 200 309
"GET /api/accounts/vendors/ HTTP/1.1" 200 89
"GET /api/agreements/form-data/ HTTP/1.1" 200 309
"GET /api/accounts/vendors/ HTTP/1.1" 200 89
"GET /api/agreements/form-data/ HTTP/1.1" 200 309
"GET /api/get-csrf/ HTTP/1.1" 200 29
"GET /api/get-csrf/ HTTP/1.1" 200 29
"GET /api/users/available/ HTTP/1.1" 200 106
"GET /api/agreements/form-data/ HTTP/1.1" 200 309
"GET /api/users/available/ HTTP/1.1" 200 106
"GET /api/agreements/form-data/ HTTP/1.1" 200 309
"GET /api/accounts/vendors/ HTTP/1.1" 200 89
"GET /api/agreements/form-data/ HTTP/1.1" 200 309
"GET /api/agreements/form-data/ HTTP/1.1" 200 309
"GET /api/accounts/vendors/ HTTP/1.1" 200 89
"GET /api/get-csrf/ HTTP/1.1" 200 29
"GET /api/get-csrf/ HTTP/1.1" 200 29
"GET /api/agreements/form-data/ HTTP/1.1" 200 309
"GET /api/users/available/ HTTP/1.1" 200 106
"GET /api/users/available/ HTTP/1.1" 200 106
"GET /api/agreements/form-data/ HTTP/1.1" 200 309
"GET /api/accounts/vendors/ HTTP/1.1" 200 89
"GET /api/agreements/form-data/ HTTP/1.1" 200 309
"GET /api/agreements/form-data/ HTTP/1.1" 200 309
"GET /api/accounts/vendors/ HTTP/1.1" 200 89
"GET /api/agreements/form-data/ HTTP/1.1" 200 309
"GET /api/agreements/ HTTP/1.1" 200 816
"GET /api/agreements/form-data/ HTTP/1.1" 200 309
"GET /api/agreements/ HTTP/1.1" 200 816
"GET /api/users/available/ HTTP/1.1" 200 106
"GET /api/agreements/form-data/ HTTP/1.1" 200 309
"GET /api/users/available/ HTTP/1.1" 200 106
"GET /api/accounts/vendors/ HTTP/1.1" 200 89
"GET /api/agreements/form-data/ HTTP/1.1" 200 309
"GET /api/agreements/form-data/ HTTP/1.1" 200 309
"GET /api/accounts/vendors/ HTTP/1.1" 200 89
"GET /api/agreements/form-data/ HTTP/1.1" 200 309
"GET /api/agreements/form-data/ HTTP/1.1" 200 309
"GET /api/agreements/ HTTP/1.1" 200 816
"GET /api/agreements/form-data/ HTTP/1.1" 200 309
"GET /api/agreements/ HTTP/1.1" 200 816
"GET /api/users/available/ HTTP/1.1" 200 106
"GET /api/agreements/form-data/ HTTP/1.1" 200 309
"GET /api/users/available/ HTTP/1.1" 200 106
"GET /api/agreements/form-data/ HTTP/1.1" 200 309
"GET /api/accounts/vendors/ HTTP/1.1" 200 89
"GET /api/agreements/form-data/ HTTP/1.1" 200 309
"GET /api/accounts/vendors/ HTTP/1.1" 200 89
"GET /api/agreements/form-data/ HTTP/1.1" 200 309
Internal Server Error: /api/agreements/submit/
"POST /api/agreements/submit/ HTTP/1.1" 500 161
Internal Server Error: /api/agreements/submit/
"POST /api/agreements/submit/ HTTP/1.1" 500 161
"GET /api/agreements/form-data/ HTTP/1.1" 200 309
"GET /api/agreements/ HTTP/1.1" 200 816
"GET /api/agreements/form-data/ HTTP/1.1" 200 309
"GET /api/agreements/ HTTP/1.1" 200 816
"GET /api/users/available/ HTTP/1.1" 200 106
"GET /api/agreements/form-data/ HTTP/1.1" 200 309
"GET /api/users/available/ HTTP/1.1" 200 106
"GET /api/accounts/vendors/ HTTP/1.1" 200 89
"GET /api/agreements/form-data/ HTTP/1.1" 200 309
"GET /api/agreements/form-data/ HTTP/1.1" 200 309
"GET /api/accounts/vendors/ HTTP/1.1" 200 89
"GET /api/agreements/form-data/ HTTP/1.1" 200 309
Internal Server Error: /api/agreements/submit/
"POST /api/agreements/submit/ HTTP/1.1" 500 161
"GET /api/get-csrf/ HTTP/1.1" 200 29
"GET /api/get-csrf/ HTTP/1.1" 200 29
"GET /api/users/available/ HTTP/1.1" 200 106
"GET /api/agreements/form-data/ HTTP/1.1" 200 309
"GET /api/users/available/ HTTP/1.1" 200 106
"GET /api/agreements/form-data/ HTTP/1.1" 200 309
"GET /api/accounts/vendors/ HTTP/1.1" 200 89
"GET /api/agreements/form-data/ HTTP/1.1" 200 309
"GET /api/agreements/form-data/ HTTP/1.1" 200 309
"GET /api/accounts/vendors/ HTTP/1.1" 200 89
Internal Server Error: /api/agreements/submit/
"POST /api/agreements/submit/ HTTP/1.1" 500 161
Internal Server Error: /api/agreements/submit/
"POST /api/agreements/submit/ HTTP/1.1" 500 161
"GET /api/get-csrf/ HTTP/1.1" 200 29
"GET /api/get-csrf/ HTTP/1.1" 200 29
"GET /api/users/available/ HTTP/1.1" 200 106
"GET /api/agreements/form-data/ HTTP/1.1" 200 309
"GET /api/users/available/ HTTP/1.1" 200 106
"GET /api/agreements/form-data/ HTTP/1.1" 200 309
"GET /api/accounts/vendors/ HTTP/1.1" 200 89
"GET /api/agreements/form-data/ HTTP/1.1" 200 309
"GET /api/accounts/vendors/ HTTP/1.1" 200 89
"GET /api/agreements/form-data/ HTTP/1.1" 200 309
Bad Request: /api/agreements/submit/
"POST /api/agreements/submit/ HTTP/1.1" 400 166
F:\Sonali Intellect\Agreement Tracking Module\SP new version\SP\atm\agreements\forms.py changed, reloading.
Watching for file changes with StatReloader
F:\Sonali Intellect\Agreement Tracking Module\SP new version\SP\atm\agreements\forms.py changed, reloading.
Watching for file changes with StatReloader
"GET /api/get-csrf/ HTTP/1.1" 200 29
"GET /api/get-csrf/ HTTP/1.1" 200 29
"GET /api/agreements/form-data/ HTTP/1.1" 200 309
"GET /api/agreements/form-data/ HTTP/1.1" 200 309
"GET /api/agreements/ HTTP/1.1" 200 816
"GET /api/agreements/ HTTP/1.1" 200 816
F:\Sonali Intellect\Agreement Tracking Module\SP new version\SP\atm\agreements\forms.py changed, reloading.
Watching for file changes with StatReloader
"GET /api/get-csrf/ HTTP/1.1" 200 29
"GET /api/get-csrf/ HTTP/1.1" 200 29
"GET /api/get-csrf/ HTTP/1.1" 200 29
"GET /api/get-csrf/ HTTP/1.1" 200 29
"GET /api/users/available/ HTTP/1.1" 200 106
"GET /api/agreements/form-data/ HTTP/1.1" 200 309
"GET /api/users/available/ HTTP/1.1" 200 106
"GET /api/agreements/form-data/ HTTP/1.1" 200 309
"GET /api/accounts/vendors/ HTTP/1.1" 200 89
"GET /api/users/available/ HTTP/1.1" 200 106
"GET /api/agreements/form-data/ HTTP/1.1" 200 309
"GET /api/users/available/ HTTP/1.1" 200 106
"GET /api/accounts/vendors/ HTTP/1.1" 200 89
"GET /api/agreements/form-data/ HTTP/1.1" 200 309
"GET /api/accounts/vendors/ HTTP/1.1" 200 89
"GET /api/agreements/form-data/ HTTP/1.1" 200 309
"GET /api/agreements/form-data/ HTTP/1.1" 200 309
"GET /api/agreements/form-data/ HTTP/1.1" 200 309
"GET /api/accounts/vendors/ HTTP/1.1" 200 89
"GET /api/agreements/form-data/ HTTP/1.1" 200 309
"GET /api/get-csrf/ HTTP/1.1" 200 29
"GET /api/get-csrf/ HTTP/1.1" 200 29
"GET /api/users/available/ HTTP/1.1" 200 106
"GET /api/agreements/form-data/ HTTP/1.1" 200 309
"GET /api/users/available/ HTTP/1.1" 200 106
"GET /api/agreements/form-data/ HTTP/1.1" 200 309
"GET /api/accounts/vendors/ HTTP/1.1" 200 89
"GET /api/agreements/form-data/ HTTP/1.1" 200 309
"GET /api/agreements/form-data/ HTTP/1.1" 200 309
"GET /api/accounts/vendors/ HTTP/1.1" 200 89
Internal Server Error: /api/agreements/submit/
"POST /api/agreements/submit/ HTTP/1.1" 500 160
"GET /api/agreements/form-data/ HTTP/1.1" 200 309
"GET /api/agreements/form-data/ HTTP/1.1" 200 309
"GET /api/agreements/ HTTP/1.1" 200 816
"GET /api/agreements/ HTTP/1.1" 200 816
"GET /api/users/available/ HTTP/1.1" 200 106
"GET /api/agreements/form-data/ HTTP/1.1" 200 309
"GET /api/users/available/ HTTP/1.1" 200 106
"GET /api/accounts/vendors/ HTTP/1.1" 200 89
"GET /api/agreements/form-data/ HTTP/1.1" 200 309
"GET /api/agreements/form-data/ HTTP/1.1" 200 309
"GET /api/accounts/vendors/ HTTP/1.1" 200 89
"GET /api/agreements/form-data/ HTTP/1.1" 200 309
"GET /api/get-csrf/ HTTP/1.1" 200 29
"GET /api/get-csrf/ HTTP/1.1" 200 29
"GET /api/users/available/ HTTP/1.1" 200 106
"GET /api/agreements/form-data/ HTTP/1.1" 200 309
"GET /api/users/available/ HTTP/1.1" 200 106
"GET /api/accounts/vendors/ HTTP/1.1" 200 89
"GET /api/agreements/form-data/ HTTP/1.1" 200 309
"GET /api/agreements/form-data/ HTTP/1.1" 200 309
"GET /api/agreements/form-data/ HTTP/1.1" 200 309
"GET /api/accounts/vendors/ HTTP/1.1" 200 89
Internal Server Error: /api/agreements/submit/
"POST /api/agreements/submit/ HTTP/1.1" 500 160
Internal Server Error: /api/agreements/submit/
"POST /api/agreements/submit/ HTTP/1.1" 500 160
Internal Server Error: /api/agreements/submit/
"POST /api/agreements/submit/ HTTP/1.1" 500 160
Internal Server Error: /api/agreements/submit/
"POST /api/agreements/submit/ HTTP/1.1" 500 160
F:\Sonali Intellect\Agreement Tracking Module\SP new version\SP\atm\agreements\forms.py changed, reloading.
Watching for file changes with StatReloader
Bad Request: /api/agreements/submit/
"POST /api/agreements/submit/ HTTP/1.1" 400 114
"GET /api/get-csrf/ HTTP/1.1" 200 29
"GET /api/get-csrf/ HTTP/1.1" 200 29
"GET /api/users/available/ HTTP/1.1" 200 106
"GET /api/agreements/form-data/ HTTP/1.1" 200 309
"GET /api/users/available/ HTTP/1.1" 200 106
"GET /api/agreements/form-data/ HTTP/1.1" 200 309
"GET /api/accounts/vendors/ HTTP/1.1" 200 89
"GET /api/agreements/form-data/ HTTP/1.1" 200 309
"GET /api/accounts/vendors/ HTTP/1.1" 200 89
"GET /api/agreements/form-data/ HTTP/1.1" 200 309
Bad Request: /api/agreements/submit/
"POST /api/agreements/submit/ HTTP/1.1" 400 114
F:\Sonali Intellect\Agreement Tracking Module\SP new version\SP\atm\agreements\forms.py changed, reloading.
Watching for file changes with StatReloader
Bad Request: /api/agreements/submit/
"POST /api/agreements/submit/ HTTP/1.1" 400 114
Bad Request: /api/agreements/submit/
"POST /api/agreements/submit/ HTTP/1.1" 400 114
Bad Request: /api/agreements/submit/
"POST /api/agreements/submit/ HTTP/1.1" 400 114
Bad Request: /api/agreements/submit/
"POST /api/agreements/submit/ HTTP/1.1" 400 114
Bad Request: /api/agreements/submit/
"POST /api/agreements/submit/ HTTP/1.1" 400 114
Bad Request: /api/agreements/submit/
"POST /api/agreements/submit/ HTTP/1.1" 400 114
Bad Request: /api/agreements/submit/
"POST /api/agreements/submit/ HTTP/1.1" 400 114
"GET /api/get-csrf/ HTTP/1.1" 200 29
"GET /api/get-csrf/ HTTP/1.1" 200 29
"OPTIONS /api/users/available/ HTTP/1.1" 200 0
"OPTIONS /api/users/available/ HTTP/1.1" 200 0
"OPTIONS /api/agreements/form-data/ HTTP/1.1" 200 0
"OPTIONS /api/agreements/form-data/ HTTP/1.1" 200 0
"OPTIONS /api/agreements/form-data/ HTTP/1.1" 200 0
"OPTIONS /api/agreements/form-data/ HTTP/1.1" 200 0
"GET /api/users/available/ HTTP/1.1" 200 106
"GET /api/agreements/form-data/ HTTP/1.1" 200 309
"GET /api/users/available/ HTTP/1.1" 200 106
"OPTIONS /api/accounts/vendors/ HTTP/1.1" 200 0
"GET /api/agreements/form-data/ HTTP/1.1" 200 309
"GET /api/accounts/vendors/ HTTP/1.1" 200 89
"GET /api/agreements/form-data/ HTTP/1.1" 200 309
"GET /api/agreements/form-data/ HTTP/1.1" 200 309
"GET /api/accounts/vendors/ HTTP/1.1" 200 89
Bad Request: /api/agreements/submit/
"POST /api/agreements/submit/ HTTP/1.1" 400 114
Bad Request: /api/agreements/submit/
"POST /api/agreements/submit/ HTTP/1.1" 400 114
Internal Server Error: /api/agreements/submit/
"POST /api/agreements/submit/ HTTP/1.1" 500 137
Internal Server Error: /api/agreements/submit/
"POST /api/agreements/submit/ HTTP/1.1" 500 137
F:\Sonali Intellect\Agreement Tracking Module\SP new version\SP\atm\agreements\models.py changed, reloading.
Watching for file changes with StatReloader
F:\Sonali Intellect\Agreement Tracking Module\SP new version\SP\atm\agreements\models.py changed, reloading.
Watching for file changes with StatReloader
Internal Server Error: /api/agreements/submit/
"POST /api/agreements/submit/ HTTP/1.1" 500 93
F:\Sonali Intellect\Agreement Tracking Module\SP new version\SP\atm\agreements\views_api.py changed, reloading.
Watching for file changes with StatReloader
F:\Sonali Intellect\Agreement Tracking Module\SP new version\SP\atm\agreements\views_api.py changed, reloading.
Watching for file changes with StatReloader
"POST /api/agreements/submit/ HTTP/1.1" 201 77
"GET /api/agreements/form-data/ HTTP/1.1" 200 309
"GET /api/agreements/form-data/ HTTP/1.1" 200 309
"OPTIONS /api/agreements/ HTTP/1.1" 200 0
"OPTIONS /api/agreements/ HTTP/1.1" 200 0
"GET /api/agreements/ HTTP/1.1" 200 4072
"GET /api/agreements/ HTTP/1.1" 200 4072
"OPTIONS /api/agreements/5/ HTTP/1.1" 200 0
"OPTIONS /api/agreements/5/ HTTP/1.1" 200 0
"GET /api/accounts/vendors/ HTTP/1.1" 200 89
"GET /api/agreements/form-data/ HTTP/1.1" 200 309
"GET /api/accounts/vendors/ HTTP/1.1" 200 89
"GET /api/agreements/5/ HTTP/1.1" 200 813
"OPTIONS /api/agreements/5/users-with-access/ HTTP/1.1" 200 0
"OPTIONS /api/agreements/5/users-with-access/ HTTP/1.1" 200 0
"GET /api/agreements/form-data/ HTTP/1.1" 200 309
"GET /api/agreements/5/ HTTP/1.1" 200 813
"GET /api/agreements/5/users-with-access/ HTTP/1.1" 200 135
"GET /api/agreements/5/users-with-access/ HTTP/1.1" 200 135
"GET /api/agreements/form-data/ HTTP/1.1" 200 309
"GET /api/agreements/form-data/ HTTP/1.1" 200 309
"GET /api/agreements/ HTTP/1.1" 200 4072
"GET /api/agreements/ HTTP/1.1" 200 4072
"OPTIONS /api/agreements/4/ HTTP/1.1" 200 0
"OPTIONS /api/agreements/4/ HTTP/1.1" 200 0
"GET /api/accounts/vendors/ HTTP/1.1" 200 89
"GET /api/agreements/form-data/ HTTP/1.1" 200 309
"GET /api/accounts/vendors/ HTTP/1.1" 200 89
"GET /api/agreements/4/ HTTP/1.1" 200 813
"OPTIONS /api/agreements/4/users-with-access/ HTTP/1.1" 200 0
"OPTIONS /api/agreements/4/users-with-access/ HTTP/1.1" 200 0
"GET /api/agreements/form-data/ HTTP/1.1" 200 309
"GET /api/agreements/4/users-with-access/ HTTP/1.1" 200 135
"GET /api/agreements/4/ HTTP/1.1" 200 813
"GET /api/agreements/4/users-with-access/ HTTP/1.1" 200 135
"GET /api/get-csrf/ HTTP/1.1" 200 29
"GET /api/get-csrf/ HTTP/1.1" 200 29
"GET /api/accounts/vendors/ HTTP/1.1" 200 89
"GET /api/agreements/form-data/ HTTP/1.1" 200 309
"GET /api/accounts/vendors/ HTTP/1.1" 200 89
"GET /api/agreements/4/ HTTP/1.1" 200 813
"GET /api/agreements/form-data/ HTTP/1.1" 200 309
"GET /api/agreements/4/ HTTP/1.1" 200 813
"GET /api/agreements/4/users-with-access/ HTTP/1.1" 200 135
"GET /api/agreements/4/users-with-access/ HTTP/1.1" 200 135
"GET /api/agreements/form-data/ HTTP/1.1" 200 309
"GET /api/agreements/form-data/ HTTP/1.1" 200 309
"GET /api/agreements/ HTTP/1.1" 200 4072
"GET /api/agreements/ HTTP/1.1" 200 4072
"GET /api/users/available/ HTTP/1.1" 200 106
"GET /api/agreements/form-data/ HTTP/1.1" 200 309
"GET /api/users/available/ HTTP/1.1" 200 106
"GET /api/agreements/form-data/ HTTP/1.1" 200 309
"GET /api/accounts/vendors/ HTTP/1.1" 200 89
"GET /api/agreements/form-data/ HTTP/1.1" 200 309
"GET /api/accounts/vendors/ HTTP/1.1" 200 89
"GET /api/agreements/form-data/ HTTP/1.1" 200 309
"OPTIONS /api/agreements/submit/ HTTP/1.1" 200 0
"POST /api/agreements/submit/ HTTP/1.1" 201 77
"GET /api/agreements/form-data/ HTTP/1.1" 200 309
"GET /api/agreements/form-data/ HTTP/1.1" 200 309
"GET /api/agreements/ HTTP/1.1" 200 4883
"GET /api/agreements/ HTTP/1.1" 200 4883
"OPTIONS /api/agreements/6/ HTTP/1.1" 200 0
"OPTIONS /api/agreements/6/ HTTP/1.1" 200 0
"GET /api/accounts/vendors/ HTTP/1.1" 200 89
"GET /api/agreements/form-data/ HTTP/1.1" 200 309
"GET /api/accounts/vendors/ HTTP/1.1" 200 89
"GET /api/agreements/6/ HTTP/1.1" 200 810
"GET /api/agreements/form-data/ HTTP/1.1" 200 309
"OPTIONS /api/agreements/6/users-with-access/ HTTP/1.1" 200 0
"OPTIONS /api/agreements/6/users-with-access/ HTTP/1.1" 200 0
"GET /api/agreements/6/users-with-access/ HTTP/1.1" 200 136
"GET /api/agreements/6/ HTTP/1.1" 200 810
"GET /api/agreements/6/users-with-access/ HTTP/1.1" 200 136
"GET /api/agreements/form-data/ HTTP/1.1" 200 309
"GET /api/agreements/form-data/ HTTP/1.1" 200 309
"GET /api/agreements/ HTTP/1.1" 200 4883
"GET /api/agreements/ HTTP/1.1" 200 4883
"GET /api/agreements/6/ HTTP/1.1" 200 810
"GET /api/agreements/form-data/ HTTP/1.1" 200 309
"GET /api/agreements/6/ HTTP/1.1" 200 810
"GET /api/users/available/ HTTP/1.1" 200 106
"OPTIONS /api/agreements/6/users/ HTTP/1.1" 200 0
"GET /api/accounts/vendors/ HTTP/1.1" 200 89
"GET /api/agreements/form-data/ HTTP/1.1" 200 309
"GET /api/users/available/ HTTP/1.1" 200 106
"GET /api/agreements/6/users/ HTTP/1.1" 200 136
"GET /api/users/available/ HTTP/1.1" 200 106
"GET /api/agreements/form-data/ HTTP/1.1" 200 309
"GET /api/agreements/6/users/ HTTP/1.1" 200 136
"GET /api/accounts/vendors/ HTTP/1.1" 200 89
"GET /api/agreements/form-data/ HTTP/1.1" 200 309
"GET /api/agreements/6/users/ HTTP/1.1" 200 136
"GET /api/agreements/6/users-with-access/ HTTP/1.1" 200 136
"GET /api/agreements/6/users-with-access/ HTTP/1.1" 200 136
"OPTIONS /api/edit/6/ HTTP/1.1" 200 0
Internal Server Error: /api/edit/6/
Traceback (most recent call last):
  File "F:\Python\lib\site-packages\django\core\handlers\exception.py", line 55, in inner
    response = get_response(request)
  File "F:\Python\lib\site-packages\django\core\handlers\base.py", line 197, in _get_response
    response = wrapped_callback(request, *callback_args, **callback_kwargs)
  File "F:\Python\lib\site-packages\django\views\decorators\csrf.py", line 65, in _view_wrapper
    return view_func(request, *args, **kwargs)
  File "F:\Python\lib\site-packages\django\views\generic\base.py", line 105, in view
    return self.dispatch(request, *args, **kwargs)
  File "F:\Python\lib\site-packages\rest_framework\views.py", line 515, in dispatch
    response = self.handle_exception(exc)
  File "F:\Python\lib\site-packages\rest_framework\views.py", line 475, in handle_exception
    self.raise_uncaught_exception(exc)
  File "F:\Python\lib\site-packages\rest_framework\views.py", line 486, in raise_uncaught_exception
    raise exc
  File "F:\Python\lib\site-packages\rest_framework\views.py", line 512, in dispatch
    response = handler(request, *args, **kwargs)
  File "F:\Sonali Intellect\Agreement Tracking Module\SP new version\SP\atm\agreements\views_api.py", line 528, in put
    updated_agreement = serializer.save()
  File "F:\Python\lib\site-packages\rest_framework\serializers.py", line 205, in save
    self.instance = self.update(self.instance, validated_data)
  File "F:\Sonali Intellect\Agreement Tracking Module\SP new version\SP\atm\agreements\serializers.py", line 54, in update
    return super().update(instance, validated_data)
  File "F:\Python\lib\site-packages\rest_framework\serializers.py", line 1033, in update
    setattr(instance, attr, value)
  File "F:\Python\lib\site-packages\django\db\models\fields\related_descriptors.py", line 291, in __set__
    raise ValueError(
ValueError: Cannot assign "<AgreementType: Test>": "Agreement.department" must be a "Department" instance.
"PUT /api/edit/6/ HTTP/1.1" 500 127225
Internal Server Error: /api/edit/6/
Traceback (most recent call last):
  File "F:\Python\lib\site-packages\django\core\handlers\exception.py", line 55, in inner
    response = get_response(request)
  File "F:\Python\lib\site-packages\django\core\handlers\base.py", line 197, in _get_response
    response = wrapped_callback(request, *callback_args, **callback_kwargs)
  File "F:\Python\lib\site-packages\django\views\decorators\csrf.py", line 65, in _view_wrapper
    return view_func(request, *args, **kwargs)
  File "F:\Python\lib\site-packages\django\views\generic\base.py", line 105, in view
    return self.dispatch(request, *args, **kwargs)
  File "F:\Python\lib\site-packages\rest_framework\views.py", line 515, in dispatch
    response = self.handle_exception(exc)
  File "F:\Python\lib\site-packages\rest_framework\views.py", line 475, in handle_exception
    self.raise_uncaught_exception(exc)
  File "F:\Python\lib\site-packages\rest_framework\views.py", line 486, in raise_uncaught_exception
    raise exc
  File "F:\Python\lib\site-packages\rest_framework\views.py", line 512, in dispatch
    response = handler(request, *args, **kwargs)
  File "F:\Sonali Intellect\Agreement Tracking Module\SP new version\SP\atm\agreements\views_api.py", line 528, in put
    updated_agreement = serializer.save()
  File "F:\Python\lib\site-packages\rest_framework\serializers.py", line 205, in save
    self.instance = self.update(self.instance, validated_data)
  File "F:\Sonali Intellect\Agreement Tracking Module\SP new version\SP\atm\agreements\serializers.py", line 54, in update
    return super().update(instance, validated_data)
  File "F:\Python\lib\site-packages\rest_framework\serializers.py", line 1033, in update
    setattr(instance, attr, value)
  File "F:\Python\lib\site-packages\django\db\models\fields\related_descriptors.py", line 291, in __set__
    raise ValueError(
ValueError: Cannot assign "<AgreementType: Test>": "Agreement.department" must be a "Department" instance.
"PUT /api/edit/6/ HTTP/1.1" 500 127225
"GET /api/agreements/6/users-with-access/ HTTP/1.1" 200 136
"GET /api/agreements/6/users-with-access/ HTTP/1.1" 200 136
Internal Server Error: /api/edit/6/
Traceback (most recent call last):
  File "F:\Python\lib\site-packages\django\core\handlers\exception.py", line 55, in inner
    response = get_response(request)
  File "F:\Python\lib\site-packages\django\core\handlers\base.py", line 197, in _get_response
    response = wrapped_callback(request, *callback_args, **callback_kwargs)
  File "F:\Python\lib\site-packages\django\views\decorators\csrf.py", line 65, in _view_wrapper
    return view_func(request, *args, **kwargs)
  File "F:\Python\lib\site-packages\django\views\generic\base.py", line 105, in view
    return self.dispatch(request, *args, **kwargs)
  File "F:\Python\lib\site-packages\rest_framework\views.py", line 515, in dispatch
    response = self.handle_exception(exc)
  File "F:\Python\lib\site-packages\rest_framework\views.py", line 475, in handle_exception
    self.raise_uncaught_exception(exc)
  File "F:\Python\lib\site-packages\rest_framework\views.py", line 486, in raise_uncaught_exception
    raise exc
  File "F:\Python\lib\site-packages\rest_framework\views.py", line 512, in dispatch
    response = handler(request, *args, **kwargs)
  File "F:\Sonali Intellect\Agreement Tracking Module\SP new version\SP\atm\agreements\views_api.py", line 528, in put
    updated_agreement = serializer.save()
  File "F:\Python\lib\site-packages\rest_framework\serializers.py", line 205, in save
    self.instance = self.update(self.instance, validated_data)
  File "F:\Sonali Intellect\Agreement Tracking Module\SP new version\SP\atm\agreements\serializers.py", line 54, in update
    return super().update(instance, validated_data)
  File "F:\Python\lib\site-packages\rest_framework\serializers.py", line 1033, in update
    setattr(instance, attr, value)
  File "F:\Python\lib\site-packages\django\db\models\fields\related_descriptors.py", line 291, in __set__
    raise ValueError(
ValueError: Cannot assign "<AgreementType: Test>": "Agreement.department" must be a "Department" instance.
"PUT /api/edit/6/ HTTP/1.1" 500 127285
"GET /api/agreements/form-data/ HTTP/1.1" 200 309
"GET /api/agreements/ HTTP/1.1" 200 4883
"GET /api/agreements/form-data/ HTTP/1.1" 200 309
"GET /api/agreements/ HTTP/1.1" 200 4883
"GET /api/agreements/form-data/ HTTP/1.1" 200 309
"GET /api/agreements/6/ HTTP/1.1" 200 810
"GET /api/accounts/vendors/ HTTP/1.1" 200 89
"GET /api/agreements/form-data/ HTTP/1.1" 200 309
"GET /api/accounts/vendors/ HTTP/1.1" 200 89
"GET /api/agreements/6/users-with-access/ HTTP/1.1" 200 136
"GET /api/agreements/6/ HTTP/1.1" 200 810
"GET /api/agreements/6/users-with-access/ HTTP/1.1" 200 136
"GET /api/agreements/form-data/ HTTP/1.1" 200 309
"GET /api/agreements/form-data/ HTTP/1.1" 200 309
"GET /api/agreements/ HTTP/1.1" 200 4883
"GET /api/agreements/ HTTP/1.1" 200 4883
"GET /api/get-csrf/ HTTP/1.1" 200 29
"GET /api/get-csrf/ HTTP/1.1" 200 29
"OPTIONS /api/agreements/form-data/ HTTP/1.1" 200 0
"OPTIONS /api/agreements/form-data/ HTTP/1.1" 200 0
"GET /api/agreements/ HTTP/1.1" 200 4883
"GET /api/agreements/form-data/ HTTP/1.1" 200 309
"GET /api/agreements/ HTTP/1.1" 200 4883
"GET /api/agreements/form-data/ HTTP/1.1" 200 309
"OPTIONS /api/accounts/vendors/ HTTP/1.1" 200 0
"OPTIONS /api/accounts/vendors/ HTTP/1.1" 200 0
"GET /api/agreements/form-data/ HTTP/1.1" 200 309
"GET /api/accounts/vendors/ HTTP/1.1" 200 89
"GET /api/agreements/6/ HTTP/1.1" 200 810
"GET /api/agreements/form-data/ HTTP/1.1" 200 309
"GET /api/accounts/vendors/ HTTP/1.1" 200 89
"GET /api/agreements/6/users-with-access/ HTTP/1.1" 200 136
"GET /api/agreements/6/ HTTP/1.1" 200 810
"GET /api/agreements/6/users-with-access/ HTTP/1.1" 200 136
"GET /api/agreements/form-data/ HTTP/1.1" 200 309
"GET /api/agreements/form-data/ HTTP/1.1" 200 309
"GET /api/agreements/ HTTP/1.1" 200 4883
"GET /api/agreements/ HTTP/1.1" 200 4883
"GET /api/agreements/6/ HTTP/1.1" 200 810
"OPTIONS /api/users/available/ HTTP/1.1" 200 0
"OPTIONS /api/users/available/ HTTP/1.1" 200 0
"GET /api/agreements/6/ HTTP/1.1" 200 810
"GET /api/agreements/form-data/ HTTP/1.1" 200 309
"GET /api/users/available/ HTTP/1.1" 200 106
"GET /api/accounts/vendors/ HTTP/1.1" 200 89
"GET /api/users/available/ HTTP/1.1" 200 106
"GET /api/agreements/form-data/ HTTP/1.1" 200 309
"GET /api/agreements/6/users/ HTTP/1.1" 200 136
"GET /api/users/available/ HTTP/1.1" 200 106
"GET /api/agreements/form-data/ HTTP/1.1" 200 309
"GET /api/agreements/6/users/ HTTP/1.1" 200 136
"GET /api/agreements/6/users/ HTTP/1.1" 200 136
"GET /api/agreements/form-data/ HTTP/1.1" 200 309
"GET /api/accounts/vendors/ HTTP/1.1" 200 89
"GET /api/agreements/form-data/ HTTP/1.1" 200 309
"GET /api/agreements/form-data/ HTTP/1.1" 200 309
"GET /api/agreements/ HTTP/1.1" 200 4883
"GET /api/agreements/ HTTP/1.1" 200 4883
"GET /api/users/available/ HTTP/1.1" 200 106
"GET /api/agreements/form-data/ HTTP/1.1" 200 309
"GET /api/users/available/ HTTP/1.1" 200 106
"GET /api/accounts/vendors/ HTTP/1.1" 200 89
"GET /api/agreements/form-data/ HTTP/1.1" 200 309
"GET /api/agreements/form-data/ HTTP/1.1" 200 309
"GET /api/agreements/form-data/ HTTP/1.1" 200 309
"GET /api/accounts/vendors/ HTTP/1.1" 200 89
"GET /api/get-csrf/ HTTP/1.1" 200 29
"GET /api/get-csrf/ HTTP/1.1" 200 29
"GET /api/users/available/ HTTP/1.1" 200 106
"GET /api/agreements/form-data/ HTTP/1.1" 200 309
"GET /api/users/available/ HTTP/1.1" 200 106
"GET /api/accounts/vendors/ HTTP/1.1" 200 89
"GET /api/agreements/form-data/ HTTP/1.1" 200 309
"GET /api/agreements/form-data/ HTTP/1.1" 200 309
"GET /api/agreements/form-data/ HTTP/1.1" 200 309
"GET /api/accounts/vendors/ HTTP/1.1" 200 89
"POST /api/agreements/submit/ HTTP/1.1" 201 77
"GET /api/agreements/form-data/ HTTP/1.1" 200 309
"GET /api/agreements/form-data/ HTTP/1.1" 200 309
"OPTIONS /api/agreements/ HTTP/1.1" 200 0
"OPTIONS /api/agreements/ HTTP/1.1" 200 0
"GET /api/agreements/ HTTP/1.1" 200 5700
"GET /api/agreements/ HTTP/1.1" 200 5700
"OPTIONS /api/agreements/7/ HTTP/1.1" 200 0
"OPTIONS /api/agreements/7/ HTTP/1.1" 200 0
"GET /api/accounts/vendors/ HTTP/1.1" 200 89
"GET /api/agreements/form-data/ HTTP/1.1" 200 309
"GET /api/accounts/vendors/ HTTP/1.1" 200 89
"GET /api/agreements/7/ HTTP/1.1" 200 816
"OPTIONS /api/agreements/7/users-with-access/ HTTP/1.1" 200 0
"OPTIONS /api/agreements/7/users-with-access/ HTTP/1.1" 200 0
"GET /api/agreements/form-data/ HTTP/1.1" 200 309
"GET /api/agreements/7/ HTTP/1.1" 200 816
"GET /api/agreements/7/users-with-access/ HTTP/1.1" 200 141
"GET /api/agreements/7/users-with-access/ HTTP/1.1" 200 141
"GET /api/agreements/form-data/ HTTP/1.1" 200 309
"GET /api/agreements/form-data/ HTTP/1.1" 200 309
"GET /api/agreements/ HTTP/1.1" 200 5700
"GET /api/agreements/ HTTP/1.1" 200 5700
"GET /api/agreements/7/ HTTP/1.1" 200 816
"GET /api/users/available/ HTTP/1.1" 200 106
"OPTIONS /api/agreements/7/users/ HTTP/1.1" 200 0
"GET /api/agreements/7/ HTTP/1.1" 200 816
"GET /api/agreements/form-data/ HTTP/1.1" 200 309
"GET /api/users/available/ HTTP/1.1" 200 106
"GET /api/agreements/7/users/ HTTP/1.1" 200 141
"GET /api/accounts/vendors/ HTTP/1.1" 200 89
"GET /api/agreements/form-data/ HTTP/1.1" 200 309
"GET /api/users/available/ HTTP/1.1" 200 106
"GET /api/agreements/7/users/ HTTP/1.1" 200 141
"GET /api/agreements/form-data/ HTTP/1.1" 200 309
"GET /api/agreements/7/users/ HTTP/1.1" 200 141
"GET /api/accounts/vendors/ HTTP/1.1" 200 89
"GET /api/agreements/form-data/ HTTP/1.1" 200 309
"GET /api/agreements/7/users-with-access/ HTTP/1.1" 200 141
"GET /api/agreements/7/users-with-access/ HTTP/1.1" 200 141
"OPTIONS /api/edit/7/ HTTP/1.1" 200 0
Internal Server Error: /api/edit/7/
Traceback (most recent call last):
  File "F:\Python\lib\site-packages\django\core\handlers\exception.py", line 55, in inner
    response = get_response(request)
  File "F:\Python\lib\site-packages\django\core\handlers\base.py", line 197, in _get_response
    response = wrapped_callback(request, *callback_args, **callback_kwargs)
  File "F:\Python\lib\site-packages\django\views\decorators\csrf.py", line 65, in _view_wrapper
    return view_func(request, *args, **kwargs)
  File "F:\Python\lib\site-packages\django\views\generic\base.py", line 105, in view
    return self.dispatch(request, *args, **kwargs)
  File "F:\Python\lib\site-packages\rest_framework\views.py", line 515, in dispatch
    response = self.handle_exception(exc)
  File "F:\Python\lib\site-packages\rest_framework\views.py", line 475, in handle_exception
    self.raise_uncaught_exception(exc)
  File "F:\Python\lib\site-packages\rest_framework\views.py", line 486, in raise_uncaught_exception
    raise exc
  File "F:\Python\lib\site-packages\rest_framework\views.py", line 512, in dispatch
    response = handler(request, *args, **kwargs)
  File "F:\Sonali Intellect\Agreement Tracking Module\SP new version\SP\atm\agreements\views_api.py", line 528, in put
    updated_agreement = serializer.save()
  File "F:\Python\lib\site-packages\rest_framework\serializers.py", line 205, in save
    self.instance = self.update(self.instance, validated_data)
  File "F:\Sonali Intellect\Agreement Tracking Module\SP new version\SP\atm\agreements\serializers.py", line 54, in update
    return super().update(instance, validated_data)
  File "F:\Python\lib\site-packages\rest_framework\serializers.py", line 1033, in update
    setattr(instance, attr, value)
  File "F:\Python\lib\site-packages\django\db\models\fields\related_descriptors.py", line 291, in __set__
    raise ValueError(
ValueError: Cannot assign "<AgreementType: New Test>": "Agreement.department" must be a "Department" instance.
"PUT /api/edit/7/ HTTP/1.1" 500 127319
Internal Server Error: /api/edit/7/
Traceback (most recent call last):
  File "F:\Python\lib\site-packages\django\core\handlers\exception.py", line 55, in inner
    response = get_response(request)
  File "F:\Python\lib\site-packages\django\core\handlers\base.py", line 197, in _get_response
    response = wrapped_callback(request, *callback_args, **callback_kwargs)
  File "F:\Python\lib\site-packages\django\views\decorators\csrf.py", line 65, in _view_wrapper
    return view_func(request, *args, **kwargs)
  File "F:\Python\lib\site-packages\django\views\generic\base.py", line 105, in view
    return self.dispatch(request, *args, **kwargs)
  File "F:\Python\lib\site-packages\rest_framework\views.py", line 515, in dispatch
    response = self.handle_exception(exc)
  File "F:\Python\lib\site-packages\rest_framework\views.py", line 475, in handle_exception
    self.raise_uncaught_exception(exc)
  File "F:\Python\lib\site-packages\rest_framework\views.py", line 486, in raise_uncaught_exception
    raise exc
  File "F:\Python\lib\site-packages\rest_framework\views.py", line 512, in dispatch
    response = handler(request, *args, **kwargs)
  File "F:\Sonali Intellect\Agreement Tracking Module\SP new version\SP\atm\agreements\views_api.py", line 528, in put
    updated_agreement = serializer.save()
  File "F:\Python\lib\site-packages\rest_framework\serializers.py", line 205, in save
    self.instance = self.update(self.instance, validated_data)
  File "F:\Sonali Intellect\Agreement Tracking Module\SP new version\SP\atm\agreements\serializers.py", line 54, in update
    return super().update(instance, validated_data)
  File "F:\Python\lib\site-packages\rest_framework\serializers.py", line 1033, in update
    setattr(instance, attr, value)
  File "F:\Python\lib\site-packages\django\db\models\fields\related_descriptors.py", line 291, in __set__
    raise ValueError(
ValueError: Cannot assign "<AgreementType: New Test>": "Agreement.department" must be a "Department" instance.
"PUT /api/edit/7/ HTTP/1.1" 500 127319
Internal Server Error: /api/edit/7/
Traceback (most recent call last):
  File "F:\Python\lib\site-packages\django\core\handlers\exception.py", line 55, in inner
    response = get_response(request)
  File "F:\Python\lib\site-packages\django\core\handlers\base.py", line 197, in _get_response
    response = wrapped_callback(request, *callback_args, **callback_kwargs)
  File "F:\Python\lib\site-packages\django\views\decorators\csrf.py", line 65, in _view_wrapper
    return view_func(request, *args, **kwargs)
  File "F:\Python\lib\site-packages\django\views\generic\base.py", line 105, in view
    return self.dispatch(request, *args, **kwargs)
  File "F:\Python\lib\site-packages\rest_framework\views.py", line 515, in dispatch
    response = self.handle_exception(exc)
  File "F:\Python\lib\site-packages\rest_framework\views.py", line 475, in handle_exception
    self.raise_uncaught_exception(exc)
  File "F:\Python\lib\site-packages\rest_framework\views.py", line 486, in raise_uncaught_exception
    raise exc
  File "F:\Python\lib\site-packages\rest_framework\views.py", line 512, in dispatch
    response = handler(request, *args, **kwargs)
  File "F:\Sonali Intellect\Agreement Tracking Module\SP new version\SP\atm\agreements\views_api.py", line 528, in put
    updated_agreement = serializer.save()
  File "F:\Python\lib\site-packages\rest_framework\serializers.py", line 205, in save
    self.instance = self.update(self.instance, validated_data)
  File "F:\Sonali Intellect\Agreement Tracking Module\SP new version\SP\atm\agreements\serializers.py", line 54, in update
    return super().update(instance, validated_data)
  File "F:\Python\lib\site-packages\rest_framework\serializers.py", line 1033, in update
    setattr(instance, attr, value)
  File "F:\Python\lib\site-packages\django\db\models\fields\related_descriptors.py", line 291, in __set__
    raise ValueError(
ValueError: Cannot assign "<AgreementType: New Test>": "Agreement.department" must be a "Department" instance.
"PUT /api/edit/7/ HTTP/1.1" 500 127319
"GET /api/get-csrf/ HTTP/1.1" 200 29
"GET /api/get-csrf/ HTTP/1.1" 200 29
"GET /api/agreements/7/ HTTP/1.1" 200 816
"GET /api/users/available/ HTTP/1.1" 200 106
"GET /api/agreements/form-data/ HTTP/1.1" 200 309
"GET /api/agreements/7/ HTTP/1.1" 200 816
"GET /api/users/available/ HTTP/1.1" 200 106
"GET /api/accounts/vendors/ HTTP/1.1" 200 89
"GET /api/agreements/form-data/ HTTP/1.1" 200 309
"GET /api/agreements/7/users/ HTTP/1.1" 200 141
"GET /api/users/available/ HTTP/1.1" 200 106
"GET /api/agreements/form-data/ HTTP/1.1" 200 309
"GET /api/agreements/7/users/ HTTP/1.1" 200 141
"GET /api/agreements/form-data/ HTTP/1.1" 200 309
"GET /api/accounts/vendors/ HTTP/1.1" 200 89
"GET /api/agreements/7/users/ HTTP/1.1" 200 141
"GET /api/agreements/7/users-with-access/ HTTP/1.1" 200 141
"GET /api/agreements/7/users-with-access/ HTTP/1.1" 200 141
Internal Server Error: /api/edit/7/
Traceback (most recent call last):
  File "F:\Python\lib\site-packages\django\core\handlers\exception.py", line 55, in inner
    response = get_response(request)
  File "F:\Python\lib\site-packages\django\core\handlers\base.py", line 197, in _get_response
    response = wrapped_callback(request, *callback_args, **callback_kwargs)
  File "F:\Python\lib\site-packages\django\views\decorators\csrf.py", line 65, in _view_wrapper
    return view_func(request, *args, **kwargs)
  File "F:\Python\lib\site-packages\django\views\generic\base.py", line 105, in view
    return self.dispatch(request, *args, **kwargs)
  File "F:\Python\lib\site-packages\rest_framework\views.py", line 515, in dispatch
    response = self.handle_exception(exc)
  File "F:\Python\lib\site-packages\rest_framework\views.py", line 475, in handle_exception
    self.raise_uncaught_exception(exc)
  File "F:\Python\lib\site-packages\rest_framework\views.py", line 486, in raise_uncaught_exception
    raise exc
  File "F:\Python\lib\site-packages\rest_framework\views.py", line 512, in dispatch
    response = handler(request, *args, **kwargs)
  File "F:\Sonali Intellect\Agreement Tracking Module\SP new version\SP\atm\agreements\views_api.py", line 528, in put
    updated_agreement = serializer.save()
  File "F:\Python\lib\site-packages\rest_framework\serializers.py", line 205, in save
    self.instance = self.update(self.instance, validated_data)
  File "F:\Sonali Intellect\Agreement Tracking Module\SP new version\SP\atm\agreements\serializers.py", line 54, in update
    return super().update(instance, validated_data)
  File "F:\Python\lib\site-packages\rest_framework\serializers.py", line 1033, in update
    setattr(instance, attr, value)
  File "F:\Python\lib\site-packages\django\db\models\fields\related_descriptors.py", line 291, in __set__
    raise ValueError(
ValueError: Cannot assign "<AgreementType: New Test>": "Agreement.department" must be a "Department" instance.
"PUT /api/edit/7/ HTTP/1.1" 500 127312
Internal Server Error: /api/edit/7/
Traceback (most recent call last):
  File "F:\Python\lib\site-packages\django\core\handlers\exception.py", line 55, in inner
    response = get_response(request)
  File "F:\Python\lib\site-packages\django\core\handlers\base.py", line 197, in _get_response
    response = wrapped_callback(request, *callback_args, **callback_kwargs)
  File "F:\Python\lib\site-packages\django\views\decorators\csrf.py", line 65, in _view_wrapper
    return view_func(request, *args, **kwargs)
  File "F:\Python\lib\site-packages\django\views\generic\base.py", line 105, in view
    return self.dispatch(request, *args, **kwargs)
  File "F:\Python\lib\site-packages\rest_framework\views.py", line 515, in dispatch
    response = self.handle_exception(exc)
  File "F:\Python\lib\site-packages\rest_framework\views.py", line 475, in handle_exception
    self.raise_uncaught_exception(exc)
  File "F:\Python\lib\site-packages\rest_framework\views.py", line 486, in raise_uncaught_exception
    raise exc
  File "F:\Python\lib\site-packages\rest_framework\views.py", line 512, in dispatch
    response = handler(request, *args, **kwargs)
  File "F:\Sonali Intellect\Agreement Tracking Module\SP new version\SP\atm\agreements\views_api.py", line 528, in put
    updated_agreement = serializer.save()
  File "F:\Python\lib\site-packages\rest_framework\serializers.py", line 205, in save
    self.instance = self.update(self.instance, validated_data)
  File "F:\Sonali Intellect\Agreement Tracking Module\SP new version\SP\atm\agreements\serializers.py", line 54, in update
    return super().update(instance, validated_data)
  File "F:\Python\lib\site-packages\rest_framework\serializers.py", line 1033, in update
    setattr(instance, attr, value)
  File "F:\Python\lib\site-packages\django\db\models\fields\related_descriptors.py", line 291, in __set__
    raise ValueError(
ValueError: Cannot assign "<AgreementType: New Test>": "Agreement.department" must be a "Department" instance.
"PUT /api/edit/7/ HTTP/1.1" 500 127312
Internal Server Error: /api/edit/7/
Traceback (most recent call last):
  File "F:\Python\lib\site-packages\django\core\handlers\exception.py", line 55, in inner
    response = get_response(request)
  File "F:\Python\lib\site-packages\django\core\handlers\base.py", line 197, in _get_response
    response = wrapped_callback(request, *callback_args, **callback_kwargs)
  File "F:\Python\lib\site-packages\django\views\decorators\csrf.py", line 65, in _view_wrapper
    return view_func(request, *args, **kwargs)
  File "F:\Python\lib\site-packages\django\views\generic\base.py", line 105, in view
    return self.dispatch(request, *args, **kwargs)
  File "F:\Python\lib\site-packages\rest_framework\views.py", line 515, in dispatch
    response = self.handle_exception(exc)
  File "F:\Python\lib\site-packages\rest_framework\views.py", line 475, in handle_exception
    self.raise_uncaught_exception(exc)
  File "F:\Python\lib\site-packages\rest_framework\views.py", line 486, in raise_uncaught_exception
    raise exc
  File "F:\Python\lib\site-packages\rest_framework\views.py", line 512, in dispatch
    response = handler(request, *args, **kwargs)
  File "F:\Sonali Intellect\Agreement Tracking Module\SP new version\SP\atm\agreements\views_api.py", line 528, in put
    updated_agreement = serializer.save()
  File "F:\Python\lib\site-packages\rest_framework\serializers.py", line 205, in save
    self.instance = self.update(self.instance, validated_data)
  File "F:\Sonali Intellect\Agreement Tracking Module\SP new version\SP\atm\agreements\serializers.py", line 54, in update
    return super().update(instance, validated_data)
  File "F:\Python\lib\site-packages\rest_framework\serializers.py", line 1033, in update
    setattr(instance, attr, value)
  File "F:\Python\lib\site-packages\django\db\models\fields\related_descriptors.py", line 291, in __set__
    raise ValueError(
ValueError: Cannot assign "<AgreementType: New Test>": "Agreement.department" must be a "Department" instance.
"PUT /api/edit/7/ HTTP/1.1" 500 127312
Internal Server Error: /api/edit/7/
Traceback (most recent call last):
  File "F:\Python\lib\site-packages\django\core\handlers\exception.py", line 55, in inner
    response = get_response(request)
  File "F:\Python\lib\site-packages\django\core\handlers\base.py", line 197, in _get_response
    response = wrapped_callback(request, *callback_args, **callback_kwargs)
  File "F:\Python\lib\site-packages\django\views\decorators\csrf.py", line 65, in _view_wrapper
    return view_func(request, *args, **kwargs)
  File "F:\Python\lib\site-packages\django\views\generic\base.py", line 105, in view
    return self.dispatch(request, *args, **kwargs)
  File "F:\Python\lib\site-packages\rest_framework\views.py", line 515, in dispatch
    response = self.handle_exception(exc)
  File "F:\Python\lib\site-packages\rest_framework\views.py", line 475, in handle_exception
    self.raise_uncaught_exception(exc)
  File "F:\Python\lib\site-packages\rest_framework\views.py", line 486, in raise_uncaught_exception
    raise exc
  File "F:\Python\lib\site-packages\rest_framework\views.py", line 512, in dispatch
    response = handler(request, *args, **kwargs)
  File "F:\Sonali Intellect\Agreement Tracking Module\SP new version\SP\atm\agreements\views_api.py", line 528, in put
    updated_agreement = serializer.save()
  File "F:\Python\lib\site-packages\rest_framework\serializers.py", line 205, in save
    self.instance = self.update(self.instance, validated_data)
  File "F:\Sonali Intellect\Agreement Tracking Module\SP new version\SP\atm\agreements\serializers.py", line 54, in update
    return super().update(instance, validated_data)
  File "F:\Python\lib\site-packages\rest_framework\serializers.py", line 1033, in update
    setattr(instance, attr, value)
  File "F:\Python\lib\site-packages\django\db\models\fields\related_descriptors.py", line 291, in __set__
    raise ValueError(
ValueError: Cannot assign "<AgreementType: New Test>": "Agreement.department" must be a "Department" instance.
"PUT /api/edit/7/ HTTP/1.1" 500 127312
"GET /api/agreements/form-data/ HTTP/1.1" 200 309
"GET /api/agreements/form-data/ HTTP/1.1" 200 309
"GET /api/agreements/ HTTP/1.1" 200 5700
"GET /api/agreements/ HTTP/1.1" 200 5700
"GET /api/get-csrf/ HTTP/1.1" 200 29
"GET /api/get-csrf/ HTTP/1.1" 200 29
"GET /api/users/available/ HTTP/1.1" 200 106
"GET /api/agreements/form-data/ HTTP/1.1" 200 309
"GET /api/users/available/ HTTP/1.1" 200 106
"GET /api/agreements/form-data/ HTTP/1.1" 200 309
"GET /api/accounts/vendors/ HTTP/1.1" 200 89
"GET /api/agreements/form-data/ HTTP/1.1" 200 309
"GET /api/agreements/form-data/ HTTP/1.1" 200 309
"GET /api/accounts/vendors/ HTTP/1.1" 200 89
"GET /api/agreements/form-data/ HTTP/1.1" 200 309
"GET /api/agreements/form-data/ HTTP/1.1" 200 309
"GET /api/agreements/ HTTP/1.1" 200 5700
"GET /api/agreements/ HTTP/1.1" 200 5700
"GET /api/accounts/vendors/ HTTP/1.1" 200 89
"GET /api/agreements/form-data/ HTTP/1.1" 200 309
"GET /api/accounts/vendors/ HTTP/1.1" 200 89
"GET /api/agreements/7/ HTTP/1.1" 200 816
"GET /api/agreements/form-data/ HTTP/1.1" 200 309
"GET /api/agreements/7/users-with-access/ HTTP/1.1" 200 141
"GET /api/agreements/7/ HTTP/1.1" 200 816
"GET /api/agreements/7/users-with-access/ HTTP/1.1" 200 141
"GET /admin/agreements/agreement/ HTTP/1.1" 200 22046
"GET /static/admin/css/base.css HTTP/1.1" 304 0
"GET /static/admin/css/dark_mode.css HTTP/1.1" 304 0
"GET /static/admin/css/nav_sidebar.css HTTP/1.1" 304 0
"GET /static/admin/css/changelists.css HTTP/1.1" 304 0
"GET /static/admin/js/theme.js HTTP/1.1" 304 0
"GET /static/admin/css/responsive.css HTTP/1.1" 304 0
"GET /static/admin/js/vendor/jquery/jquery.js HTTP/1.1" 304 0
"GET /static/admin/js/jquery.init.js HTTP/1.1" 304 0
"GET /static/admin/js/core.js HTTP/1.1" 304 0
"GET /static/admin/js/admin/RelatedObjectLookups.js HTTP/1.1" 304 0
"GET /static/admin/js/actions.js HTTP/1.1" 304 0
"GET /static/admin/js/urlify.js HTTP/1.1" 304 0
"GET /static/admin/js/prepopulate.js HTTP/1.1" 304 0
"GET /static/admin/js/vendor/xregexp/xregexp.js HTTP/1.1" 304 0
"GET /static/admin/img/search.svg HTTP/1.1" 304 0
"GET /static/admin/js/nav_sidebar.js HTTP/1.1" 304 0
"GET /admin/jsi18n/ HTTP/1.1" 200 3342
"GET /static/admin/js/filters.js HTTP/1.1" 304 0
"GET /static/admin/img/tooltag-add.svg HTTP/1.1" 304 0
"GET /static/admin/img/icon-addlink.svg HTTP/1.1" 304 0
"GET /static/admin/img/icon-viewlink.svg HTTP/1.1" 304 0
"GET /admin/agreements/agreement/7/change/ HTTP/1.1" 200 29245
"GET /static/admin/css/forms.css HTTP/1.1" 304 0
"GET /static/admin/js/calendar.js HTTP/1.1" 304 0
"GET /static/admin/js/admin/DateTimeShortcuts.js HTTP/1.1" 304 0
"GET /static/admin/js/SelectFilter2.js HTTP/1.1" 304 0
"GET /static/admin/js/SelectBox.js HTTP/1.1" 304 0
"GET /static/admin/js/prepopulate_init.js HTTP/1.1" 304 0
"GET /admin/jsi18n/ HTTP/1.1" 200 3342
"GET /static/admin/css/widgets.css HTTP/1.1" 304 0
"GET /static/admin/img/icon-deletelink.svg HTTP/1.1" 304 0
"GET /static/admin/img/icon-changelink.svg HTTP/1.1" 304 0
"GET /static/admin/js/change_form.js HTTP/1.1" 304 0
"GET /static/admin/img/icon-calendar.svg HTTP/1.1" 304 0
"GET /static/admin/img/selector-icons.svg HTTP/1.1" 304 0
"GET /api/agreements/form-data/ HTTP/1.1" 200 309
"GET /api/agreements/form-data/ HTTP/1.1" 200 309
"GET /api/agreements/ HTTP/1.1" 200 5700
"GET /api/agreements/ HTTP/1.1" 200 5700
"GET /api/users/available/ HTTP/1.1" 200 106
"GET /api/agreements/form-data/ HTTP/1.1" 200 309
"GET /api/users/available/ HTTP/1.1" 200 106
"GET /api/agreements/form-data/ HTTP/1.1" 200 309
"GET /api/accounts/vendors/ HTTP/1.1" 200 89
"GET /api/agreements/form-data/ HTTP/1.1" 200 309
"GET /api/agreements/form-data/ HTTP/1.1" 200 309
"GET /api/accounts/vendors/ HTTP/1.1" 200 89
"GET /api/agreements/form-data/ HTTP/1.1" 200 309
"GET /api/agreements/form-data/ HTTP/1.1" 200 309
"GET /api/agreements/ HTTP/1.1" 200 5700
"GET /api/agreements/ HTTP/1.1" 200 5700
"GET /api/accounts/vendors/ HTTP/1.1" 200 89
"GET /api/agreements/form-data/ HTTP/1.1" 200 309
"GET /api/agreements/7/ HTTP/1.1" 200 816
"GET /api/accounts/vendors/ HTTP/1.1" 200 89
"GET /api/agreements/form-data/ HTTP/1.1" 200 309
"GET /api/agreements/7/users-with-access/ HTTP/1.1" 200 141
"GET /api/agreements/7/ HTTP/1.1" 200 816
"GET /api/agreements/7/users-with-access/ HTTP/1.1" 200 141
"GET /api/agreements/form-data/ HTTP/1.1" 200 309
"GET /api/agreements/form-data/ HTTP/1.1" 200 309
"GET /api/agreements/ HTTP/1.1" 200 5700
"GET /api/agreements/ HTTP/1.1" 200 5700
"GET /api/get-csrf/ HTTP/1.1" 200 29
"GET /api/get-csrf/ HTTP/1.1" 200 29
"GET /api/agreements/form-data/ HTTP/1.1" 200 309
"GET /api/agreements/form-data/ HTTP/1.1" 200 309
"GET /api/agreements/ HTTP/1.1" 200 5700
"GET /api/agreements/ HTTP/1.1" 200 5700
"GET /api/accounts/vendors/ HTTP/1.1" 200 89
"GET /api/agreements/form-data/ HTTP/1.1" 200 309
"GET /api/accounts/vendors/ HTTP/1.1" 200 89
"GET /api/agreements/7/ HTTP/1.1" 200 816
"GET /api/agreements/form-data/ HTTP/1.1" 200 309
"GET /api/agreements/7/users-with-access/ HTTP/1.1" 200 141
"GET /api/agreements/7/ HTTP/1.1" 200 816
"GET /api/agreements/7/users-with-access/ HTTP/1.1" 200 141
"GET /api/agreements/form-data/ HTTP/1.1" 200 309
"GET /api/agreements/form-data/ HTTP/1.1" 200 309
"GET /api/agreements/ HTTP/1.1" 200 5700
"GET /api/agreements/ HTTP/1.1" 200 5700
"GET /api/get-csrf/ HTTP/1.1" 200 29
"GET /api/get-csrf/ HTTP/1.1" 200 29
"GET /api/agreements/form-data/ HTTP/1.1" 200 309
"GET /api/agreements/form-data/ HTTP/1.1" 200 309
"GET /api/agreements/ HTTP/1.1" 200 5700
"GET /api/agreements/ HTTP/1.1" 200 5700
"GET /api/get-csrf/ HTTP/1.1" 200 29
"GET /api/get-csrf/ HTTP/1.1" 200 29
"GET /api/agreements/form-data/ HTTP/1.1" 200 309
"GET /api/agreements/form-data/ HTTP/1.1" 200 309
"GET /api/agreements/ HTTP/1.1" 200 5700
"GET /api/agreements/ HTTP/1.1" 200 5700
"GET /api/get-csrf/ HTTP/1.1" 200 29
"GET /api/get-csrf/ HTTP/1.1" 200 29
"GET /api/agreements/form-data/ HTTP/1.1" 200 309
"GET /api/agreements/form-data/ HTTP/1.1" 200 309
"GET /api/agreements/ HTTP/1.1" 200 5700
- Broken pipe from ('127.0.0.1', 64965)
"GET /api/get-csrf/ HTTP/1.1" 200 29
"GET /api/get-csrf/ HTTP/1.1" 200 29
"GET /api/agreements/form-data/ HTTP/1.1" 200 309
- Broken pipe from ('127.0.0.1', 64955)
- Broken pipe from ('127.0.0.1', 64956)
"GET /api/get-csrf/ HTTP/1.1" 200 29
"GET /api/get-csrf/ HTTP/1.1" 200 29
"GET /api/agreements/ HTTP/1.1" 200 5700
"GET /api/agreements/form-data/ HTTP/1.1" 200 309
"GET /api/agreements/ HTTP/1.1" 200 5700
"GET /api/agreements/form-data/ HTTP/1.1" 200 309
"GET /api/accounts/vendors/ HTTP/1.1" 200 89
"GET /api/agreements/form-data/ HTTP/1.1" 200 309
"GET /api/accounts/vendors/ HTTP/1.1" 200 89
"GET /api/agreements/7/ HTTP/1.1" 200 816
"GET /api/agreements/form-data/ HTTP/1.1" 200 309
"GET /api/agreements/7/users-with-access/ HTTP/1.1" 200 141
"GET /api/agreements/7/ HTTP/1.1" 200 816
"GET /api/agreements/7/users-with-access/ HTTP/1.1" 200 141
"GET /admin/accounts/department/ HTTP/1.1" 200 16930
"GET /admin/jsi18n/ HTTP/1.1" 200 3342
"GET /static/admin/img/icon-no.svg HTTP/1.1" 304 0
"GET /static/admin/img/icon-yes.svg HTTP/1.1" 304 0
"GET /static/admin/img/sorting-icons.svg HTTP/1.1" 304 0
"GET /admin/accounts/department/2/change/ HTTP/1.1" 200 16631
"GET /admin/jsi18n/ HTTP/1.1" 200 3342
"GET /static/admin/img/icon-clock.svg HTTP/1.1" 304 0
"GET /api/agreements/form-data/ HTTP/1.1" 200 309
"GET /api/agreements/form-data/ HTTP/1.1" 200 309
"GET /api/agreements/ HTTP/1.1" 200 5700
"GET /api/agreements/ HTTP/1.1" 200 5700
"GET /api/get-csrf/ HTTP/1.1" 200 29
"GET /api/get-csrf/ HTTP/1.1" 200 29
"GET /api/agreements/form-data/ HTTP/1.1" 200 309
"GET /api/agreements/form-data/ HTTP/1.1" 200 309
"GET /api/agreements/ HTTP/1.1" 200 5700
"GET /api/agreements/ HTTP/1.1" 200 5700
"GET /api/get-csrf/ HTTP/1.1" 200 29
"GET /api/get-csrf/ HTTP/1.1" 200 29
"GET /api/agreements/form-data/ HTTP/1.1" 200 309
"GET /api/agreements/form-data/ HTTP/1.1" 200 309
"GET /api/agreements/ HTTP/1.1" 200 5700
"GET /api/agreements/ HTTP/1.1" 200 5700
"GET /api/users/available/ HTTP/1.1" 200 106
"GET /api/agreements/form-data/ HTTP/1.1" 200 309
"GET /api/users/available/ HTTP/1.1" 200 106
"GET /api/accounts/vendors/ HTTP/1.1" 200 89
"GET /api/agreements/form-data/ HTTP/1.1" 200 309
"GET /api/agreements/form-data/ HTTP/1.1" 200 309
"GET /api/accounts/vendors/ HTTP/1.1" 200 89
"GET /api/agreements/form-data/ HTTP/1.1" 200 309
F:\Sonali Intellect\Agreement Tracking Module\SP new version\SP\atm\agreements\serializers.py changed, reloading.
Watching for file changes with StatReloader
"OPTIONS /api/get-csrf/ HTTP/1.1" 200 0
"GET /api/get-csrf/ HTTP/1.1" 200 29
"OPTIONS /api/accounts/login/ HTTP/1.1" 200 0
"POST /api/accounts/login/ HTTP/1.1" 200 293
"OPTIONS /api/dashboard-stats/ HTTP/1.1" 200 0
"OPTIONS /api/dashboard-stats/ HTTP/1.1" 200 0
"GET /api/dashboard-stats/ HTTP/1.1" 200 446
"GET /api/dashboard-stats/ HTTP/1.1" 200 446
"GET /api/agreements/form-data/ HTTP/1.1" 200 309
"GET /api/agreements/form-data/ HTTP/1.1" 200 309
"GET /api/agreements/ HTTP/1.1" 200 5879
"GET /api/agreements/ HTTP/1.1" 200 5879
F:\Sonali Intellect\Agreement Tracking Module\SP new version\SP\atm\agreements\serializers.py changed, reloading.
Watching for file changes with StatReloader
"GET /api/accounts/vendors/ HTTP/1.1" 200 89
"GET /api/agreements/form-data/ HTTP/1.1" 200 309
"GET /api/accounts/vendors/ HTTP/1.1" 200 89
"GET /api/agreements/form-data/ HTTP/1.1" 200 309
"GET /api/agreements/7/ HTTP/1.1" 200 842
"GET /api/agreements/7/users-with-access/ HTTP/1.1" 200 141
"GET /api/agreements/7/ HTTP/1.1" 200 842
"GET /api/agreements/7/users-with-access/ HTTP/1.1" 200 141
"GET /api/agreements/form-data/ HTTP/1.1" 200 309
"GET /api/agreements/form-data/ HTTP/1.1" 200 309
"GET /api/agreements/ HTTP/1.1" 200 5879
"GET /api/agreements/ HTTP/1.1" 200 5879
"GET /api/accounts/vendors/ HTTP/1.1" 200 89
"GET /api/agreements/form-data/ HTTP/1.1" 200 309
"GET /api/agreements/7/ HTTP/1.1" 200 842
"GET /api/accounts/vendors/ HTTP/1.1" 200 89
"GET /api/agreements/form-data/ HTTP/1.1" 200 309
"GET /api/agreements/7/users-with-access/ HTTP/1.1" 200 141
"GET /api/agreements/7/ HTTP/1.1" 200 842
"GET /api/agreements/7/users-with-access/ HTTP/1.1" 200 141
"GET /api/agreements/form-data/ HTTP/1.1" 200 309
"GET /api/agreements/form-data/ HTTP/1.1" 200 309
"GET /api/agreements/ HTTP/1.1" 200 5879
"GET /api/agreements/ HTTP/1.1" 200 5879
"GET /api/agreements/7/ HTTP/1.1" 200 842
"GET /api/agreements/form-data/ HTTP/1.1" 200 309
"GET /api/agreements/7/ HTTP/1.1" 200 842
"GET /api/users/available/ HTTP/1.1" 200 106
"GET /api/users/available/ HTTP/1.1" 200 106
"GET /api/accounts/vendors/ HTTP/1.1" 200 89
"GET /api/agreements/form-data/ HTTP/1.1" 200 309
"GET /api/agreements/7/users/ HTTP/1.1" 200 141
"GET /api/users/available/ HTTP/1.1" 200 106
"GET /api/agreements/form-data/ HTTP/1.1" 200 309
"GET /api/agreements/7/users/ HTTP/1.1" 200 141
"GET /api/agreements/7/users/ HTTP/1.1" 200 141
"GET /api/agreements/form-data/ HTTP/1.1" 200 309
"GET /api/accounts/vendors/ HTTP/1.1" 200 89
"GET /api/agreements/7/users-with-access/ HTTP/1.1" 200 141
"GET /api/agreements/7/users-with-access/ HTTP/1.1" 200 141
Internal Server Error: /api/edit/7/
Traceback (most recent call last):
  File "F:\Python\lib\site-packages\django\core\handlers\exception.py", line 55, in inner
    response = get_response(request)
  File "F:\Python\lib\site-packages\django\core\handlers\base.py", line 197, in _get_response
    response = wrapped_callback(request, *callback_args, **callback_kwargs)
  File "F:\Python\lib\site-packages\django\views\decorators\csrf.py", line 65, in _view_wrapper
    return view_func(request, *args, **kwargs)
  File "F:\Python\lib\site-packages\django\views\generic\base.py", line 105, in view
    return self.dispatch(request, *args, **kwargs)
  File "F:\Python\lib\site-packages\rest_framework\views.py", line 515, in dispatch
    response = self.handle_exception(exc)
  File "F:\Python\lib\site-packages\rest_framework\views.py", line 475, in handle_exception
    self.raise_uncaught_exception(exc)
  File "F:\Python\lib\site-packages\rest_framework\views.py", line 486, in raise_uncaught_exception
    raise exc
  File "F:\Python\lib\site-packages\rest_framework\views.py", line 512, in dispatch
    response = handler(request, *args, **kwargs)
  File "F:\Sonali Intellect\Agreement Tracking Module\SP new version\SP\atm\agreements\views_api.py", line 528, in put
    updated_agreement = serializer.save()
  File "F:\Python\lib\site-packages\rest_framework\serializers.py", line 205, in save
    self.instance = self.update(self.instance, validated_data)
  File "F:\Sonali Intellect\Agreement Tracking Module\SP new version\SP\atm\agreements\serializers.py", line 55, in update
    return super().update(instance, validated_data)
  File "F:\Python\lib\site-packages\rest_framework\serializers.py", line 1033, in update
    setattr(instance, attr, value)
  File "F:\Python\lib\site-packages\django\db\models\fields\related_descriptors.py", line 291, in __set__
    raise ValueError(
ValueError: Cannot assign "<AgreementType: New Test>": "Agreement.department" must be a "Department" instance.
"PUT /api/edit/7/ HTTP/1.1" 500 127708
"GET /api/edit/7/ HTTP/1.1" 200 8779
"GET /static/rest_framework/js/ajax-form.js HTTP/1.1" 200 3796
"GET /static/rest_framework/js/csrf.js HTTP/1.1" 200 1793
"GET /static/rest_framework/css/default.css HTTP/1.1" 200 1152
"GET /static/rest_framework/js/prettify-min.js HTTP/1.1" 200 13632
"GET /static/rest_framework/js/bootstrap.min.js HTTP/1.1" 200 39680
"GET /static/rest_framework/css/bootstrap-tweaks.css HTTP/1.1" 200 3426
"GET /static/rest_framework/js/default.js HTTP/1.1" 200 1268
"GET /static/rest_framework/js/load-ajax-form.js HTTP/1.1" 200 59
"GET /static/rest_framework/css/prettify.css HTTP/1.1" 200 817
"GET /static/rest_framework/js/jquery-3.7.1.min.js HTTP/1.1" 200 87533
"GET /static/rest_framework/css/bootstrap.min.css HTTP/1.1" 200 121457
"GET /static/rest_framework/img/grid.png HTTP/1.1" 200 1458
"GET /api/agreements/7/users-with-access/ HTTP/1.1" 200 141
"GET /api/agreements/7/users-with-access/ HTTP/1.1" 200 141
Internal Server Error: /api/edit/7/
Traceback (most recent call last):
  File "F:\Python\lib\site-packages\django\core\handlers\exception.py", line 55, in inner
    response = get_response(request)
  File "F:\Python\lib\site-packages\django\core\handlers\base.py", line 197, in _get_response
    response = wrapped_callback(request, *callback_args, **callback_kwargs)
  File "F:\Python\lib\site-packages\django\views\decorators\csrf.py", line 65, in _view_wrapper
    return view_func(request, *args, **kwargs)
  File "F:\Python\lib\site-packages\django\views\generic\base.py", line 105, in view
    return self.dispatch(request, *args, **kwargs)
  File "F:\Python\lib\site-packages\rest_framework\views.py", line 515, in dispatch
    response = self.handle_exception(exc)
  File "F:\Python\lib\site-packages\rest_framework\views.py", line 475, in handle_exception
    self.raise_uncaught_exception(exc)
  File "F:\Python\lib\site-packages\rest_framework\views.py", line 486, in raise_uncaught_exception
    raise exc
  File "F:\Python\lib\site-packages\rest_framework\views.py", line 512, in dispatch
    response = handler(request, *args, **kwargs)
  File "F:\Sonali Intellect\Agreement Tracking Module\SP new version\SP\atm\agreements\views_api.py", line 528, in put
    updated_agreement = serializer.save()
  File "F:\Python\lib\site-packages\rest_framework\serializers.py", line 205, in save
    self.instance = self.update(self.instance, validated_data)
  File "F:\Sonali Intellect\Agreement Tracking Module\SP new version\SP\atm\agreements\serializers.py", line 55, in update
    return super().update(instance, validated_data)
  File "F:\Python\lib\site-packages\rest_framework\serializers.py", line 1033, in update
    setattr(instance, attr, value)
  File "F:\Python\lib\site-packages\django\db\models\fields\related_descriptors.py", line 291, in __set__
    raise ValueError(
ValueError: Cannot assign "<AgreementType: New Test>": "Agreement.department" must be a "Department" instance.
"PUT /api/edit/7/ HTTP/1.1" 500 127708
"GET /api/agreements/form-data/ HTTP/1.1" 200 309
"GET /api/agreements/form-data/ HTTP/1.1" 200 309
"GET /api/agreements/ HTTP/1.1" 200 5879
"GET /api/agreements/ HTTP/1.1" 200 5879
"GET /api/accounts/vendors/ HTTP/1.1" 200 89
"GET /api/agreements/form-data/ HTTP/1.1" 200 309
"GET /api/agreements/7/ HTTP/1.1" 200 842
"GET /api/agreements/form-data/ HTTP/1.1" 200 309
"GET /api/accounts/vendors/ HTTP/1.1" 200 89
"GET /api/agreements/7/users-with-access/ HTTP/1.1" 200 141
"GET /api/agreements/7/ HTTP/1.1" 200 842
"GET /api/agreements/7/users-with-access/ HTTP/1.1" 200 141
"GET /api/agreements/form-data/ HTTP/1.1" 200 309
"GET /api/agreements/form-data/ HTTP/1.1" 200 309
"GET /api/agreements/ HTTP/1.1" 200 5879
"GET /api/agreements/ HTTP/1.1" 200 5879
"GET /api/accounts/vendors/ HTTP/1.1" 200 89
"GET /api/agreements/form-data/ HTTP/1.1" 200 309
"GET /api/agreements/7/ HTTP/1.1" 200 842
"GET /api/accounts/vendors/ HTTP/1.1" 200 89
"GET /api/agreements/form-data/ HTTP/1.1" 200 309
"GET /api/agreements/7/users-with-access/ HTTP/1.1" 200 141
"GET /api/agreements/7/ HTTP/1.1" 200 842
"GET /api/agreements/7/users-with-access/ HTTP/1.1" 200 141
"GET /api/get-csrf/ HTTP/1.1" 200 29
"GET /api/get-csrf/ HTTP/1.1" 200 29
"GET /api/accounts/vendors/ HTTP/1.1" 200 89
"GET /api/agreements/form-data/ HTTP/1.1" 200 309
"GET /api/agreements/7/ HTTP/1.1" 200 842
"GET /api/accounts/vendors/ HTTP/1.1" 200 89
"GET /api/agreements/form-data/ HTTP/1.1" 200 309
"GET /api/agreements/7/users-with-access/ HTTP/1.1" 200 141
"GET /api/agreements/7/ HTTP/1.1" 200 842
"GET /api/agreements/7/users-with-access/ HTTP/1.1" 200 141
"GET /api/agreements/form-data/ HTTP/1.1" 200 309
"GET /api/agreements/form-data/ HTTP/1.1" 200 309
"GET /api/agreements/ HTTP/1.1" 200 5879
"GET /api/agreements/ HTTP/1.1" 200 5879
"GET /api/agreements/7/ HTTP/1.1" 200 842
"GET /api/users/available/ HTTP/1.1" 200 106
"GET /api/agreements/form-data/ HTTP/1.1" 200 309
"GET /api/agreements/7/ HTTP/1.1" 200 842
"GET /api/users/available/ HTTP/1.1" 200 106
"GET /api/accounts/vendors/ HTTP/1.1" 200 89
"GET /api/agreements/form-data/ HTTP/1.1" 200 309
"GET /api/agreements/7/users/ HTTP/1.1" 200 141
"GET /api/users/available/ HTTP/1.1" 200 106
"GET /api/agreements/form-data/ HTTP/1.1" 200 309
"GET /api/agreements/7/users/ HTTP/1.1" 200 141
"GET /api/accounts/vendors/ HTTP/1.1" 200 89
"GET /api/agreements/form-data/ HTTP/1.1" 200 309
"GET /api/agreements/7/users/ HTTP/1.1" 200 141
"GET /api/agreements/7/users-with-access/ HTTP/1.1" 200 141
"GET /api/agreements/7/users-with-access/ HTTP/1.1" 200 141
Internal Server Error: /api/edit/7/
Traceback (most recent call last):
  File "F:\Python\lib\site-packages\django\core\handlers\exception.py", line 55, in inner
    response = get_response(request)
  File "F:\Python\lib\site-packages\django\core\handlers\base.py", line 197, in _get_response
    response = wrapped_callback(request, *callback_args, **callback_kwargs)
  File "F:\Python\lib\site-packages\django\views\decorators\csrf.py", line 65, in _view_wrapper
    return view_func(request, *args, **kwargs)
  File "F:\Python\lib\site-packages\django\views\generic\base.py", line 105, in view
    return self.dispatch(request, *args, **kwargs)
  File "F:\Python\lib\site-packages\rest_framework\views.py", line 515, in dispatch
    response = self.handle_exception(exc)
  File "F:\Python\lib\site-packages\rest_framework\views.py", line 475, in handle_exception
    self.raise_uncaught_exception(exc)
  File "F:\Python\lib\site-packages\rest_framework\views.py", line 486, in raise_uncaught_exception
    raise exc
  File "F:\Python\lib\site-packages\rest_framework\views.py", line 512, in dispatch
    response = handler(request, *args, **kwargs)
  File "F:\Sonali Intellect\Agreement Tracking Module\SP new version\SP\atm\agreements\views_api.py", line 528, in put
    updated_agreement = serializer.save()
  File "F:\Python\lib\site-packages\rest_framework\serializers.py", line 205, in save
    self.instance = self.update(self.instance, validated_data)
  File "F:\Sonali Intellect\Agreement Tracking Module\SP new version\SP\atm\agreements\serializers.py", line 55, in update
    return super().update(instance, validated_data)
  File "F:\Python\lib\site-packages\rest_framework\serializers.py", line 1033, in update
    setattr(instance, attr, value)
  File "F:\Python\lib\site-packages\django\db\models\fields\related_descriptors.py", line 291, in __set__
    raise ValueError(
ValueError: Cannot assign "<AgreementType: New Test>": "Agreement.department" must be a "Department" instance.
"PUT /api/edit/7/ HTTP/1.1" 500 127648
"GET /api/agreements/form-data/ HTTP/1.1" 200 309
"GET /api/agreements/form-data/ HTTP/1.1" 200 309
"GET /api/agreements/ HTTP/1.1" 200 5879
"GET /api/agreements/ HTTP/1.1" 200 5879
"GET /api/accounts/vendors/ HTTP/1.1" 200 89
"GET /api/agreements/form-data/ HTTP/1.1" 200 309
"GET /api/accounts/vendors/ HTTP/1.1" 200 89
"GET /api/agreements/7/ HTTP/1.1" 200 842
"GET /api/agreements/form-data/ HTTP/1.1" 200 309
"GET /api/agreements/7/users-with-access/ HTTP/1.1" 200 141
"GET /api/agreements/7/ HTTP/1.1" 200 842
"GET /api/agreements/7/users-with-access/ HTTP/1.1" 200 141
"GET /api/agreements/form-data/ HTTP/1.1" 200 309
"GET /api/agreements/form-data/ HTTP/1.1" 200 309
"GET /api/agreements/ HTTP/1.1" 200 5879
"GET /api/agreements/ HTTP/1.1" 200 5879
"GET /api/agreements/7/ HTTP/1.1" 200 842
"GET /api/users/available/ HTTP/1.1" 200 106
"GET /api/agreements/form-data/ HTTP/1.1" 200 309
"GET /api/agreements/7/ HTTP/1.1" 200 842
"GET /api/users/available/ HTTP/1.1" 200 106
"GET /api/agreements/7/users/ HTTP/1.1" 200 141
"GET /api/accounts/vendors/ HTTP/1.1" 200 89
"GET /api/agreements/form-data/ HTTP/1.1" 200 309
"GET /api/users/available/ HTTP/1.1" 200 106
"GET /api/agreements/7/users/ HTTP/1.1" 200 141
"GET /api/agreements/form-data/ HTTP/1.1" 200 309
"GET /api/agreements/7/users/ HTTP/1.1" 200 141
"GET /api/accounts/vendors/ HTTP/1.1" 200 89
"GET /api/agreements/form-data/ HTTP/1.1" 200 309
"GET /api/agreements/form-data/ HTTP/1.1" 200 309
"GET /api/agreements/form-data/ HTTP/1.1" 200 309
"GET /api/agreements/ HTTP/1.1" 200 5879
"GET /api/agreements/ HTTP/1.1" 200 5879
"GET /api/agreements/7/ HTTP/1.1" 200 842
"GET /api/agreements/7/ HTTP/1.1" 200 842
"GET /api/users/available/ HTTP/1.1" 200 106
"GET /api/agreements/form-data/ HTTP/1.1" 200 309
"GET /api/users/available/ HTTP/1.1" 200 106
"GET /api/agreements/7/users/ HTTP/1.1" 200 141
"GET /api/agreements/form-data/ HTTP/1.1" 200 309
"GET /api/accounts/vendors/ HTTP/1.1" 200 89
"GET /api/users/available/ HTTP/1.1" 200 106
"GET /api/agreements/7/users/ HTTP/1.1" 200 141
"GET /api/agreements/form-data/ HTTP/1.1" 200 309
"GET /api/agreements/7/users/ HTTP/1.1" 200 141
"GET /api/agreements/form-data/ HTTP/1.1" 200 309
"GET /api/accounts/vendors/ HTTP/1.1" 200 89
"GET /api/agreements/7/users-with-access/ HTTP/1.1" 200 141
"GET /api/agreements/7/users-with-access/ HTTP/1.1" 200 141
"GET /api/agreements/7/users-with-access/ HTTP/1.1" 200 141
"GET /api/agreements/7/users-with-access/ HTTP/1.1" 200 141
Internal Server Error: /api/edit/7/
Traceback (most recent call last):
  File "F:\Python\lib\site-packages\django\core\handlers\exception.py", line 55, in inner
    response = get_response(request)
  File "F:\Python\lib\site-packages\django\core\handlers\base.py", line 197, in _get_response
    response = wrapped_callback(request, *callback_args, **callback_kwargs)
  File "F:\Python\lib\site-packages\django\views\decorators\csrf.py", line 65, in _view_wrapper
    return view_func(request, *args, **kwargs)
  File "F:\Python\lib\site-packages\django\views\generic\base.py", line 105, in view
    return self.dispatch(request, *args, **kwargs)
  File "F:\Python\lib\site-packages\rest_framework\views.py", line 515, in dispatch
    response = self.handle_exception(exc)
  File "F:\Python\lib\site-packages\rest_framework\views.py", line 475, in handle_exception
    self.raise_uncaught_exception(exc)
  File "F:\Python\lib\site-packages\rest_framework\views.py", line 486, in raise_uncaught_exception
    raise exc
  File "F:\Python\lib\site-packages\rest_framework\views.py", line 512, in dispatch
    response = handler(request, *args, **kwargs)
  File "F:\Sonali Intellect\Agreement Tracking Module\SP new version\SP\atm\agreements\views_api.py", line 528, in put
    updated_agreement = serializer.save()
  File "F:\Python\lib\site-packages\rest_framework\serializers.py", line 205, in save
    self.instance = self.update(self.instance, validated_data)
  File "F:\Sonali Intellect\Agreement Tracking Module\SP new version\SP\atm\agreements\serializers.py", line 55, in update
    return super().update(instance, validated_data)
  File "F:\Python\lib\site-packages\rest_framework\serializers.py", line 1033, in update
    setattr(instance, attr, value)
  File "F:\Python\lib\site-packages\django\db\models\fields\related_descriptors.py", line 291, in __set__
    raise ValueError(
ValueError: Cannot assign "<AgreementType: New Test>": "Agreement.department" must be a "Department" instance.
"PUT /api/edit/7/ HTTP/1.1" 500 127669
Internal Server Error: /api/edit/7/
Traceback (most recent call last):
  File "F:\Python\lib\site-packages\django\core\handlers\exception.py", line 55, in inner
    response = get_response(request)
  File "F:\Python\lib\site-packages\django\core\handlers\base.py", line 197, in _get_response
    response = wrapped_callback(request, *callback_args, **callback_kwargs)
  File "F:\Python\lib\site-packages\django\views\decorators\csrf.py", line 65, in _view_wrapper
    return view_func(request, *args, **kwargs)
  File "F:\Python\lib\site-packages\django\views\generic\base.py", line 105, in view
    return self.dispatch(request, *args, **kwargs)
  File "F:\Python\lib\site-packages\rest_framework\views.py", line 515, in dispatch
    response = self.handle_exception(exc)
  File "F:\Python\lib\site-packages\rest_framework\views.py", line 475, in handle_exception
    self.raise_uncaught_exception(exc)
  File "F:\Python\lib\site-packages\rest_framework\views.py", line 486, in raise_uncaught_exception
    raise exc
  File "F:\Python\lib\site-packages\rest_framework\views.py", line 512, in dispatch
    response = handler(request, *args, **kwargs)
  File "F:\Sonali Intellect\Agreement Tracking Module\SP new version\SP\atm\agreements\views_api.py", line 528, in put
    updated_agreement = serializer.save()
  File "F:\Python\lib\site-packages\rest_framework\serializers.py", line 205, in save
    self.instance = self.update(self.instance, validated_data)
  File "F:\Sonali Intellect\Agreement Tracking Module\SP new version\SP\atm\agreements\serializers.py", line 55, in update
    return super().update(instance, validated_data)
  File "F:\Python\lib\site-packages\rest_framework\serializers.py", line 1033, in update
    setattr(instance, attr, value)
  File "F:\Python\lib\site-packages\django\db\models\fields\related_descriptors.py", line 291, in __set__
    raise ValueError(
ValueError: Cannot assign "<AgreementType: New Test>": "Agreement.department" must be a "Department" instance.
"PUT /api/edit/7/ HTTP/1.1" 500 127669
Internal Server Error: /api/edit/7/
Traceback (most recent call last):
  File "F:\Python\lib\site-packages\django\core\handlers\exception.py", line 55, in inner
    response = get_response(request)
  File "F:\Python\lib\site-packages\django\core\handlers\base.py", line 197, in _get_response
    response = wrapped_callback(request, *callback_args, **callback_kwargs)
  File "F:\Python\lib\site-packages\django\views\decorators\csrf.py", line 65, in _view_wrapper
    return view_func(request, *args, **kwargs)
  File "F:\Python\lib\site-packages\django\views\generic\base.py", line 105, in view
    return self.dispatch(request, *args, **kwargs)
  File "F:\Python\lib\site-packages\rest_framework\views.py", line 515, in dispatch
    response = self.handle_exception(exc)
  File "F:\Python\lib\site-packages\rest_framework\views.py", line 475, in handle_exception
    self.raise_uncaught_exception(exc)
  File "F:\Python\lib\site-packages\rest_framework\views.py", line 486, in raise_uncaught_exception
    raise exc
  File "F:\Python\lib\site-packages\rest_framework\views.py", line 512, in dispatch
    response = handler(request, *args, **kwargs)
  File "F:\Sonali Intellect\Agreement Tracking Module\SP new version\SP\atm\agreements\views_api.py", line 528, in put
    updated_agreement = serializer.save()
  File "F:\Python\lib\site-packages\rest_framework\serializers.py", line 205, in save
    self.instance = self.update(self.instance, validated_data)
  File "F:\Sonali Intellect\Agreement Tracking Module\SP new version\SP\atm\agreements\serializers.py", line 55, in update
    return super().update(instance, validated_data)
  File "F:\Python\lib\site-packages\rest_framework\serializers.py", line 1033, in update
    setattr(instance, attr, value)
  File "F:\Python\lib\site-packages\django\db\models\fields\related_descriptors.py", line 291, in __set__
    raise ValueError(
ValueError: Cannot assign "<AgreementType: New Test>": "Agreement.department" must be a "Department" instance.
"PUT /api/edit/7/ HTTP/1.1" 500 127669
"GET /api/get-csrf/ HTTP/1.1" 200 29
"GET /api/get-csrf/ HTTP/1.1" 200 29
"GET /api/agreements/7/ HTTP/1.1" 200 842
"GET /api/users/available/ HTTP/1.1" 200 106
"GET /api/agreements/7/ HTTP/1.1" 200 842
"GET /api/agreements/form-data/ HTTP/1.1" 200 309
"GET /api/users/available/ HTTP/1.1" 200 106
"GET /api/agreements/7/users/ HTTP/1.1" 200 141
"GET /api/agreements/form-data/ HTTP/1.1" 200 309
"GET /api/users/available/ HTTP/1.1" 200 106
"GET /api/accounts/vendors/ HTTP/1.1" 200 89
"GET /api/agreements/7/users/ HTTP/1.1" 200 141
"GET /api/agreements/form-data/ HTTP/1.1" 200 309
"GET /api/agreements/7/users/ HTTP/1.1" 200 141
"GET /api/agreements/form-data/ HTTP/1.1" 200 309
"GET /api/accounts/vendors/ HTTP/1.1" 200 89
"GET /api/agreements/form-data/ HTTP/1.1" 200 309
"GET /api/agreements/form-data/ HTTP/1.1" 200 309
"GET /api/agreements/ HTTP/1.1" 200 5879
"GET /api/agreements/ HTTP/1.1" 200 5879
"GET /api/agreements/7/ HTTP/1.1" 200 842
"GET /api/agreements/form-data/ HTTP/1.1" 200 309
"GET /api/agreements/7/ HTTP/1.1" 200 842
"GET /api/users/available/ HTTP/1.1" 200 106
"GET /api/users/available/ HTTP/1.1" 200 106
"GET /api/accounts/vendors/ HTTP/1.1" 200 89
"GET /api/agreements/form-data/ HTTP/1.1" 200 309
"GET /api/agreements/7/users/ HTTP/1.1" 200 141
"GET /api/users/available/ HTTP/1.1" 200 106
"GET /api/agreements/form-data/ HTTP/1.1" 200 309
"GET /api/agreements/7/users/ HTTP/1.1" 200 141
"GET /api/agreements/form-data/ HTTP/1.1" 200 309
"GET /api/agreements/7/users/ HTTP/1.1" 200 141
"GET /api/accounts/vendors/ HTTP/1.1" 200 89
"GET /api/agreements/7/users-with-access/ HTTP/1.1" 200 141
"GET /api/agreements/7/users-with-access/ HTTP/1.1" 200 141
Internal Server Error: /api/edit/7/
Traceback (most recent call last):
  File "F:\Python\lib\site-packages\django\core\handlers\exception.py", line 55, in inner
    response = get_response(request)
  File "F:\Python\lib\site-packages\django\core\handlers\base.py", line 197, in _get_response
    response = wrapped_callback(request, *callback_args, **callback_kwargs)
  File "F:\Python\lib\site-packages\django\views\decorators\csrf.py", line 65, in _view_wrapper
    return view_func(request, *args, **kwargs)
  File "F:\Python\lib\site-packages\django\views\generic\base.py", line 105, in view
    return self.dispatch(request, *args, **kwargs)
  File "F:\Python\lib\site-packages\rest_framework\views.py", line 515, in dispatch
    response = self.handle_exception(exc)
  File "F:\Python\lib\site-packages\rest_framework\views.py", line 475, in handle_exception
    self.raise_uncaught_exception(exc)
  File "F:\Python\lib\site-packages\rest_framework\views.py", line 486, in raise_uncaught_exception
    raise exc
  File "F:\Python\lib\site-packages\rest_framework\views.py", line 512, in dispatch
    response = handler(request, *args, **kwargs)
  File "F:\Sonali Intellect\Agreement Tracking Module\SP new version\SP\atm\agreements\views_api.py", line 528, in put
    updated_agreement = serializer.save()
  File "F:\Python\lib\site-packages\rest_framework\serializers.py", line 205, in save
    self.instance = self.update(self.instance, validated_data)
  File "F:\Sonali Intellect\Agreement Tracking Module\SP new version\SP\atm\agreements\serializers.py", line 55, in update
    return super().update(instance, validated_data)
  File "F:\Python\lib\site-packages\rest_framework\serializers.py", line 1033, in update
    setattr(instance, attr, value)
  File "F:\Python\lib\site-packages\django\db\models\fields\related_descriptors.py", line 291, in __set__
    raise ValueError(
ValueError: Cannot assign "<AgreementType: New Test>": "Agreement.department" must be a "Department" instance.
"PUT /api/edit/7/ HTTP/1.1" 500 127648
F:\Sonali Intellect\Agreement Tracking Module\SP new version\SP\atm\agreements\models.py changed, reloading.
Watching for file changes with StatReloader
F:\Sonali Intellect\Agreement Tracking Module\SP new version\SP\atm\agreements\serializers.py changed, reloading.
Watching for file changes with StatReloader
F:\Sonali Intellect\Agreement Tracking Module\SP new version\SP\atm\agreements\serializers.py changed, reloading.
Watching for file changes with StatReloader
F:\Sonali Intellect\Agreement Tracking Module\SP new version\SP\atm\agreements\serializers.py changed, reloading.
Watching for file changes with StatReloader
"GET /api/get-csrf/ HTTP/1.1" 200 29
"GET /api/get-csrf/ HTTP/1.1" 200 29
"GET /api/agreements/7/ HTTP/1.1" 200 842
"GET /api/agreements/7/ HTTP/1.1" 200 842
"GET /api/users/available/ HTTP/1.1" 200 106
"GET /api/agreements/form-data/ HTTP/1.1" 200 309
"GET /api/users/available/ HTTP/1.1" 200 106
"GET /api/agreements/7/users/ HTTP/1.1" 200 141
"GET /api/accounts/vendors/ HTTP/1.1" 200 89
"GET /api/agreements/form-data/ HTTP/1.1" 200 309
"GET /api/users/available/ HTTP/1.1" 200 106
"GET /api/agreements/7/users/ HTTP/1.1" 200 141
"GET /api/agreements/form-data/ HTTP/1.1" 200 309
"GET /api/agreements/7/users/ HTTP/1.1" 200 141
"GET /api/agreements/form-data/ HTTP/1.1" 200 309
"GET /api/accounts/vendors/ HTTP/1.1" 200 89
"GET /api/dashboard-stats/ HTTP/1.1" 200 446
"GET /api/dashboard-stats/ HTTP/1.1" 200 446
"GET /api/agreements/form-data/ HTTP/1.1" 200 309
"GET /api/agreements/form-data/ HTTP/1.1" 200 309
"GET /api/agreements/ HTTP/1.1" 200 5879
"GET /api/agreements/ HTTP/1.1" 200 5879
"GET /api/agreements/7/ HTTP/1.1" 200 842
"GET /api/users/available/ HTTP/1.1" 200 106
"GET /api/agreements/7/ HTTP/1.1" 200 842
"GET /api/agreements/form-data/ HTTP/1.1" 200 309
"GET /api/users/available/ HTTP/1.1" 200 106
"GET /api/accounts/vendors/ HTTP/1.1" 200 89
"GET /api/agreements/7/users/ HTTP/1.1" 200 141
"GET /api/agreements/form-data/ HTTP/1.1" 200 309
"GET /api/users/available/ HTTP/1.1" 200 106
"GET /api/agreements/7/users/ HTTP/1.1" 200 141
"GET /api/agreements/form-data/ HTTP/1.1" 200 309
"GET /api/agreements/7/users/ HTTP/1.1" 200 141
"GET /api/accounts/vendors/ HTTP/1.1" 200 89
"GET /api/agreements/form-data/ HTTP/1.1" 200 309
"GET /api/agreements/7/users-with-access/ HTTP/1.1" 200 141
"GET /api/agreements/7/users-with-access/ HTTP/1.1" 200 141
Internal Server Error: /api/edit/7/
Traceback (most recent call last):
  File "F:\Sonali Intellect\Agreement Tracking Module\SP new version\SP\atm\agreements\utils\email_utils.py", line 46, in send_agreement_reminder
    [user.email],
AttributeError: 'str' object has no attribute 'email'

During handling of the above exception, another exception occurred:

Traceback (most recent call last):
  File "F:\Python\lib\site-packages\django\core\handlers\exception.py", line 55, in inner
    response = get_response(request)
  File "F:\Python\lib\site-packages\django\core\handlers\base.py", line 197, in _get_response
    response = wrapped_callback(request, *callback_args, **callback_kwargs)
  File "F:\Python\lib\site-packages\django\views\decorators\csrf.py", line 65, in _view_wrapper
    return view_func(request, *args, **kwargs)
  File "F:\Python\lib\site-packages\django\views\generic\base.py", line 105, in view
    return self.dispatch(request, *args, **kwargs)
  File "F:\Python\lib\site-packages\rest_framework\views.py", line 515, in dispatch
    response = self.handle_exception(exc)
  File "F:\Python\lib\site-packages\rest_framework\views.py", line 475, in handle_exception
    self.raise_uncaught_exception(exc)
  File "F:\Python\lib\site-packages\rest_framework\views.py", line 486, in raise_uncaught_exception
    raise exc
  File "F:\Python\lib\site-packages\rest_framework\views.py", line 512, in dispatch
    response = handler(request, *args, **kwargs)
  File "F:\Sonali Intellect\Agreement Tracking Module\SP new version\SP\atm\agreements\views_api.py", line 530, in put
    updated_agreement.send_notification('updated')
  File "F:\Sonali Intellect\Agreement Tracking Module\SP new version\SP\atm\agreements\models.py", line 214, in send_notification
    return send_agreement_reminder(self, user, reminder_type)
  File "F:\Sonali Intellect\Agreement Tracking Module\SP new version\SP\atm\agreements\utils\email_utils.py", line 52, in send_agreement_reminder
    logger.error(f"Failed to send {reminder_type} reminder for agreement {agreement.id} to {user.email}: {str(e)}")
AttributeError: 'str' object has no attribute 'email'
"PUT /api/edit/7/ HTTP/1.1" 500 117207
"GET /api/dashboard-stats/ HTTP/1.1" 200 446
"GET /api/dashboard-stats/ HTTP/1.1" 200 446
"GET /api/agreements/form-data/ HTTP/1.1" 200 309
"GET /api/agreements/form-data/ HTTP/1.1" 200 309
"GET /api/agreements/ HTTP/1.1" 200 5882
"GET /api/agreements/ HTTP/1.1" 200 5882
"GET /api/users/available/ HTTP/1.1" 200 106
"GET /api/agreements/form-data/ HTTP/1.1" 200 309
"GET /api/users/available/ HTTP/1.1" 200 106
"GET /api/agreements/form-data/ HTTP/1.1" 200 309
"GET /api/accounts/vendors/ HTTP/1.1" 200 89
"GET /api/agreements/form-data/ HTTP/1.1" 200 309
"GET /api/agreements/form-data/ HTTP/1.1" 200 309
"GET /api/accounts/vendors/ HTTP/1.1" 200 89
"OPTIONS /api/agreements/submit/ HTTP/1.1" 200 0
"POST /api/agreements/submit/ HTTP/1.1" 201 77
"GET /api/agreements/form-data/ HTTP/1.1" 200 309
"GET /api/agreements/form-data/ HTTP/1.1" 200 309
"GET /api/agreements/ HTTP/1.1" 200 6709
"GET /api/agreements/ HTTP/1.1" 200 6709
F:\Sonali Intellect\Agreement Tracking Module\SP new version\SP\atm\agreements\views_api.py changed, reloading.
Watching for file changes with StatReloader
F:\Sonali Intellect\Agreement Tracking Module\SP new version\SP\atm\agreements\views_api.py changed, reloading.
Watching for file changes with StatReloader
"GET /api/get-csrf/ HTTP/1.1" 200 29
"GET /api/get-csrf/ HTTP/1.1" 200 29
"GET /api/agreements/form-data/ HTTP/1.1" 200 309
"GET /api/agreements/form-data/ HTTP/1.1" 200 309
"GET /api/agreements/ HTTP/1.1" 200 6709
"GET /api/agreements/ HTTP/1.1" 200 6709
"OPTIONS /api/agreements/8/ HTTP/1.1" 200 0
"OPTIONS /api/agreements/8/ HTTP/1.1" 200 0
"GET /api/agreements/8/ HTTP/1.1" 200 826
"GET /api/users/available/ HTTP/1.1" 200 106
"GET /api/agreements/8/ HTTP/1.1" 200 826
"OPTIONS /api/agreements/8/users/ HTTP/1.1" 200 0
"GET /api/agreements/form-data/ HTTP/1.1" 200 309
"GET /api/users/available/ HTTP/1.1" 200 106
"GET /api/accounts/vendors/ HTTP/1.1" 200 89
"GET /api/agreements/8/users/ HTTP/1.1" 200 136
"GET /api/users/available/ HTTP/1.1" 200 106
"GET /api/agreements/form-data/ HTTP/1.1" 200 309
"GET /api/agreements/8/users/ HTTP/1.1" 200 136
"GET /api/agreements/8/users/ HTTP/1.1" 200 136
"GET /api/agreements/form-data/ HTTP/1.1" 200 309
"GET /api/agreements/form-data/ HTTP/1.1" 200 309
"GET /api/accounts/vendors/ HTTP/1.1" 200 89
"OPTIONS /api/agreements/8/users-with-access/ HTTP/1.1" 200 0
"OPTIONS /api/agreements/8/users-with-access/ HTTP/1.1" 200 0
"GET /api/agreements/8/users-with-access/ HTTP/1.1" 200 136
"GET /api/agreements/8/users-with-access/ HTTP/1.1" 200 136
"OPTIONS /api/edit/8/ HTTP/1.1" 200 0
Internal Server Error: /api/edit/8/
Traceback (most recent call last):
  File "F:\Sonali Intellect\Agreement Tracking Module\SP new version\SP\atm\agreements\utils\email_utils.py", line 46, in send_agreement_reminder
    [user.email],
AttributeError: 'str' object has no attribute 'email'

During handling of the above exception, another exception occurred:

Traceback (most recent call last):
  File "F:\Python\lib\site-packages\django\core\handlers\exception.py", line 55, in inner
    response = get_response(request)
  File "F:\Python\lib\site-packages\django\core\handlers\base.py", line 197, in _get_response
    response = wrapped_callback(request, *callback_args, **callback_kwargs)
  File "F:\Python\lib\site-packages\django\views\decorators\csrf.py", line 65, in _view_wrapper
    return view_func(request, *args, **kwargs)
  File "F:\Python\lib\site-packages\django\views\generic\base.py", line 105, in view
    return self.dispatch(request, *args, **kwargs)
  File "F:\Python\lib\site-packages\rest_framework\views.py", line 515, in dispatch
    response = self.handle_exception(exc)
  File "F:\Python\lib\site-packages\rest_framework\views.py", line 475, in handle_exception
    self.raise_uncaught_exception(exc)
  File "F:\Python\lib\site-packages\rest_framework\views.py", line 486, in raise_uncaught_exception
    raise exc
  File "F:\Python\lib\site-packages\rest_framework\views.py", line 512, in dispatch
    response = handler(request, *args, **kwargs)
  File "F:\Sonali Intellect\Agreement Tracking Module\SP new version\SP\atm\agreements\views_api.py", line 532, in put
    updated_agreement.send_notification('updated')
  File "F:\Sonali Intellect\Agreement Tracking Module\SP new version\SP\atm\agreements\models.py", line 214, in send_notification
    return send_agreement_reminder(self, user, reminder_type)
  File "F:\Sonali Intellect\Agreement Tracking Module\SP new version\SP\atm\agreements\utils\email_utils.py", line 52, in send_agreement_reminder
    logger.error(f"Failed to send {reminder_type} reminder for agreement {agreement.id} to {user.email}: {str(e)}")
AttributeError: 'str' object has no attribute 'email'
"PUT /api/edit/8/ HTTP/1.1" 500 117093
Internal Server Error: /api/edit/8/
Traceback (most recent call last):
  File "F:\Sonali Intellect\Agreement Tracking Module\SP new version\SP\atm\agreements\utils\email_utils.py", line 46, in send_agreement_reminder
    [user.email],
AttributeError: 'str' object has no attribute 'email'

During handling of the above exception, another exception occurred:

Traceback (most recent call last):
  File "F:\Python\lib\site-packages\django\core\handlers\exception.py", line 55, in inner
    response = get_response(request)
  File "F:\Python\lib\site-packages\django\core\handlers\base.py", line 197, in _get_response
    response = wrapped_callback(request, *callback_args, **callback_kwargs)
  File "F:\Python\lib\site-packages\django\views\decorators\csrf.py", line 65, in _view_wrapper
    return view_func(request, *args, **kwargs)
  File "F:\Python\lib\site-packages\django\views\generic\base.py", line 105, in view
    return self.dispatch(request, *args, **kwargs)
  File "F:\Python\lib\site-packages\rest_framework\views.py", line 515, in dispatch
    response = self.handle_exception(exc)
  File "F:\Python\lib\site-packages\rest_framework\views.py", line 475, in handle_exception
    self.raise_uncaught_exception(exc)
  File "F:\Python\lib\site-packages\rest_framework\views.py", line 486, in raise_uncaught_exception
    raise exc
  File "F:\Python\lib\site-packages\rest_framework\views.py", line 512, in dispatch
    response = handler(request, *args, **kwargs)
  File "F:\Sonali Intellect\Agreement Tracking Module\SP new version\SP\atm\agreements\views_api.py", line 532, in put
    updated_agreement.send_notification('updated')
  File "F:\Sonali Intellect\Agreement Tracking Module\SP new version\SP\atm\agreements\models.py", line 214, in send_notification
    return send_agreement_reminder(self, user, reminder_type)
  File "F:\Sonali Intellect\Agreement Tracking Module\SP new version\SP\atm\agreements\utils\email_utils.py", line 52, in send_agreement_reminder
    logger.error(f"Failed to send {reminder_type} reminder for agreement {agreement.id} to {user.email}: {str(e)}")
AttributeError: 'str' object has no attribute 'email'
"PUT /api/edit/8/ HTTP/1.1" 500 117093
"GET /api/edit/8/ HTTP/1.1" 200 8756
F:\Sonali Intellect\Agreement Tracking Module\SP new version\SP\atm\agreements\models.py changed, reloading.
Watching for file changes with StatReloader
"GET /api/get-csrf/ HTTP/1.1" 200 29
"GET /api/get-csrf/ HTTP/1.1" 200 29
"GET /api/agreements/8/ HTTP/1.1" 200 819
"GET /api/agreements/8/ HTTP/1.1" 200 819
"GET /api/users/available/ HTTP/1.1" 200 106
"GET /api/agreements/form-data/ HTTP/1.1" 200 309
"GET /api/users/available/ HTTP/1.1" 200 106
"GET /api/agreements/8/users/ HTTP/1.1" 200 136
"GET /api/agreements/form-data/ HTTP/1.1" 200 309
"GET /api/accounts/vendors/ HTTP/1.1" 200 89
"GET /api/users/available/ HTTP/1.1" 200 106
"GET /api/agreements/8/users/ HTTP/1.1" 200 136
"GET /api/agreements/form-data/ HTTP/1.1" 200 309
"GET /api/agreements/8/users/ HTTP/1.1" 200 136
"GET /api/agreements/form-data/ HTTP/1.1" 200 309
"GET /api/accounts/vendors/ HTTP/1.1" 200 89
"GET /api/agreements/8/users-with-access/ HTTP/1.1" 200 136
"GET /api/agreements/8/users-with-access/ HTTP/1.1" 200 136
Internal Server Error: /api/edit/8/
Traceback (most recent call last):
  File "F:\Python\lib\site-packages\django\db\models\fields\__init__.py", line 2128, in get_prep_value
    return int(value)
ValueError: invalid literal for int() with base 10: 'updated'

The above exception was the direct cause of the following exception:

Traceback (most recent call last):
  File "F:\Python\lib\site-packages\django\core\handlers\exception.py", line 55, in inner
    response = get_response(request)
  File "F:\Python\lib\site-packages\django\core\handlers\base.py", line 197, in _get_response
    response = wrapped_callback(request, *callback_args, **callback_kwargs)
  File "F:\Python\lib\site-packages\django\views\decorators\csrf.py", line 65, in _view_wrapper
    return view_func(request, *args, **kwargs)
  File "F:\Python\lib\site-packages\django\views\generic\base.py", line 105, in view
    return self.dispatch(request, *args, **kwargs)
  File "F:\Python\lib\site-packages\rest_framework\views.py", line 515, in dispatch
    response = self.handle_exception(exc)
  File "F:\Python\lib\site-packages\rest_framework\views.py", line 475, in handle_exception
    self.raise_uncaught_exception(exc)
  File "F:\Python\lib\site-packages\rest_framework\views.py", line 486, in raise_uncaught_exception
    raise exc
  File "F:\Python\lib\site-packages\rest_framework\views.py", line 512, in dispatch
    response = handler(request, *args, **kwargs)
  File "F:\Sonali Intellect\Agreement Tracking Module\SP new version\SP\atm\agreements\views_api.py", line 532, in put
    updated_agreement.send_notification('updated')
  File "F:\Sonali Intellect\Agreement Tracking Module\SP new version\SP\atm\agreements\models.py", line 218, in send_notification
    user = User.objects.get(pk=user)
  File "F:\Python\lib\site-packages\django\db\models\manager.py", line 87, in manager_method
    return getattr(self.get_queryset(), name)(*args, **kwargs)
  File "F:\Python\lib\site-packages\django\db\models\query.py", line 619, in get
    clone = self._chain() if self.query.combinator else self.filter(*args, **kwargs)
  File "F:\Python\lib\site-packages\django\db\models\query.py", line 1493, in filter
    return self._filter_or_exclude(False, args, kwargs)
  File "F:\Python\lib\site-packages\django\db\models\query.py", line 1511, in _filter_or_exclude
    clone._filter_or_exclude_inplace(negate, args, kwargs)
  File "F:\Python\lib\site-packages\django\db\models\query.py", line 1518, in _filter_or_exclude_inplace
    self._query.add_q(Q(*args, **kwargs))
  File "F:\Python\lib\site-packages\django\db\models\sql\query.py", line 1646, in add_q
    clause, _ = self._add_q(q_object, can_reuse)
  File "F:\Python\lib\site-packages\django\db\models\sql\query.py", line 1678, in _add_q
    child_clause, needed_inner = self.build_filter(
  File "F:\Python\lib\site-packages\django\db\models\sql\query.py", line 1588, in build_filter
    condition = self.build_lookup(lookups, col, value)
  File "F:\Python\lib\site-packages\django\db\models\sql\query.py", line 1415, in build_lookup
    lookup = lookup_class(lhs, rhs)
  File "F:\Python\lib\site-packages\django\db\models\lookups.py", line 38, in __init__
    self.rhs = self.get_prep_lookup()
  File "F:\Python\lib\site-packages\django\db\models\lookups.py", line 410, in get_prep_lookup
    return super().get_prep_lookup()
  File "F:\Python\lib\site-packages\django\db\models\lookups.py", line 96, in get_prep_lookup
    return self.lhs.output_field.get_prep_value(self.rhs)
  File "F:\Python\lib\site-packages\django\db\models\fields\__init__.py", line 2130, in get_prep_value
    raise e.__class__(
ValueError: Field 'id' expected a number but got 'updated'.
"PUT /api/edit/8/ HTTP/1.1" 500 165844
F:\Sonali Intellect\Agreement Tracking Module\SP new version\SP\atm\agreements\models.py changed, reloading.
Watching for file changes with StatReloader
"GET /api/get-csrf/ HTTP/1.1" 200 29
"GET /api/get-csrf/ HTTP/1.1" 200 29
"GET /api/agreements/8/ HTTP/1.1" 200 828
"GET /api/agreements/8/ HTTP/1.1" 200 828
"GET /api/users/available/ HTTP/1.1" 200 106
"GET /api/agreements/form-data/ HTTP/1.1" 200 309
"GET /api/users/available/ HTTP/1.1" 200 106
"GET /api/agreements/8/users/ HTTP/1.1" 200 136
"GET /api/accounts/vendors/ HTTP/1.1" 200 89
"GET /api/agreements/form-data/ HTTP/1.1" 200 309
"GET /api/agreements/8/users/ HTTP/1.1" 200 136
"GET /api/users/available/ HTTP/1.1" 200 106
"GET /api/agreements/form-data/ HTTP/1.1" 200 309
"GET /api/agreements/8/users/ HTTP/1.1" 200 136
"GET /api/agreements/form-data/ HTTP/1.1" 200 309
"GET /api/accounts/vendors/ HTTP/1.1" 200 89
"GET /api/agreements/8/users-with-access/ HTTP/1.1" 200 136
"GET /api/agreements/8/users-with-access/ HTTP/1.1" 200 136
Internal Server Error: /api/edit/8/
Traceback (most recent call last):
  File "F:\Python\lib\site-packages\django\db\models\fields\__init__.py", line 2128, in get_prep_value
    return int(value)
ValueError: invalid literal for int() with base 10: 'updated'

The above exception was the direct cause of the following exception:

Traceback (most recent call last):
  File "F:\Python\lib\site-packages\django\core\handlers\exception.py", line 55, in inner
    response = get_response(request)
  File "F:\Python\lib\site-packages\django\core\handlers\base.py", line 197, in _get_response
    response = wrapped_callback(request, *callback_args, **callback_kwargs)
  File "F:\Python\lib\site-packages\django\views\decorators\csrf.py", line 65, in _view_wrapper
    return view_func(request, *args, **kwargs)
  File "F:\Python\lib\site-packages\django\views\generic\base.py", line 105, in view
    return self.dispatch(request, *args, **kwargs)
  File "F:\Python\lib\site-packages\rest_framework\views.py", line 515, in dispatch
    response = self.handle_exception(exc)
  File "F:\Python\lib\site-packages\rest_framework\views.py", line 475, in handle_exception
    self.raise_uncaught_exception(exc)
  File "F:\Python\lib\site-packages\rest_framework\views.py", line 486, in raise_uncaught_exception
    raise exc
  File "F:\Python\lib\site-packages\rest_framework\views.py", line 512, in dispatch
    response = handler(request, *args, **kwargs)
  File "F:\Sonali Intellect\Agreement Tracking Module\SP new version\SP\atm\agreements\views_api.py", line 532, in put
    updated_agreement.send_notification('updated')
  File "F:\Sonali Intellect\Agreement Tracking Module\SP new version\SP\atm\agreements\models.py", line 218, in send_notification
    user = User.objects.get(pk=user)
  File "F:\Python\lib\site-packages\django\db\models\manager.py", line 87, in manager_method
    return getattr(self.get_queryset(), name)(*args, **kwargs)
  File "F:\Python\lib\site-packages\django\db\models\query.py", line 619, in get
    clone = self._chain() if self.query.combinator else self.filter(*args, **kwargs)
  File "F:\Python\lib\site-packages\django\db\models\query.py", line 1493, in filter
    return self._filter_or_exclude(False, args, kwargs)
  File "F:\Python\lib\site-packages\django\db\models\query.py", line 1511, in _filter_or_exclude
    clone._filter_or_exclude_inplace(negate, args, kwargs)
  File "F:\Python\lib\site-packages\django\db\models\query.py", line 1518, in _filter_or_exclude_inplace
    self._query.add_q(Q(*args, **kwargs))
  File "F:\Python\lib\site-packages\django\db\models\sql\query.py", line 1646, in add_q
    clause, _ = self._add_q(q_object, can_reuse)
  File "F:\Python\lib\site-packages\django\db\models\sql\query.py", line 1678, in _add_q
    child_clause, needed_inner = self.build_filter(
  File "F:\Python\lib\site-packages\django\db\models\sql\query.py", line 1588, in build_filter
    condition = self.build_lookup(lookups, col, value)
  File "F:\Python\lib\site-packages\django\db\models\sql\query.py", line 1415, in build_lookup
    lookup = lookup_class(lhs, rhs)
  File "F:\Python\lib\site-packages\django\db\models\lookups.py", line 38, in __init__
    self.rhs = self.get_prep_lookup()
  File "F:\Python\lib\site-packages\django\db\models\lookups.py", line 410, in get_prep_lookup
    return super().get_prep_lookup()
  File "F:\Python\lib\site-packages\django\db\models\lookups.py", line 96, in get_prep_lookup
    return self.lhs.output_field.get_prep_value(self.rhs)
  File "F:\Python\lib\site-packages\django\db\models\fields\__init__.py", line 2130, in get_prep_value
    raise e.__class__(
ValueError: Field 'id' expected a number but got 'updated'.
"PUT /api/edit/8/ HTTP/1.1" 500 165848
F:\Sonali Intellect\Agreement Tracking Module\SP new version\SP\atm\agreements\views_api.py changed, reloading.
Watching for file changes with StatReloader
F:\Sonali Intellect\Agreement Tracking Module\SP new version\SP\atm\agreements\views_api.py changed, reloading.
Watching for file changes with StatReloader
F:\Sonali Intellect\Agreement Tracking Module\SP new version\SP\atm\agreements\views_api.py changed, reloading.
Watching for file changes with StatReloader
"GET /api/get-csrf/ HTTP/1.1" 200 29
"GET /api/get-csrf/ HTTP/1.1" 200 29
"GET /api/agreements/8/ HTTP/1.1" 200 832
"GET /api/agreements/8/ HTTP/1.1" 200 832
"GET /api/users/available/ HTTP/1.1" 200 106
"GET /api/agreements/form-data/ HTTP/1.1" 200 309
"GET /api/users/available/ HTTP/1.1" 200 106
"GET /api/agreements/8/users/ HTTP/1.1" 200 136
"GET /api/agreements/form-data/ HTTP/1.1" 200 309
"GET /api/accounts/vendors/ HTTP/1.1" 200 89
"GET /api/users/available/ HTTP/1.1" 200 106
"GET /api/agreements/8/users/ HTTP/1.1" 200 136
"GET /api/agreements/form-data/ HTTP/1.1" 200 309
"GET /api/agreements/8/users/ HTTP/1.1" 200 136
"GET /api/agreements/form-data/ HTTP/1.1" 200 309
"GET /api/accounts/vendors/ HTTP/1.1" 200 89
"GET /api/agreements/8/users-with-access/ HTTP/1.1" 200 136
"GET /api/agreements/8/users-with-access/ HTTP/1.1" 200 136
"PUT /api/edit/8/ HTTP/1.1" 200 885
"GET /api/agreements/form-data/ HTTP/1.1" 200 309
"GET /api/agreements/form-data/ HTTP/1.1" 200 309
"GET /api/agreements/ HTTP/1.1" 200 6716
"GET /api/agreements/ HTTP/1.1" 200 6716
"GET /api/accounts/vendors/ HTTP/1.1" 200 89
"GET /api/agreements/form-data/ HTTP/1.1" 200 309
"GET /api/agreements/8/ HTTP/1.1" 200 833
"GET /api/accounts/vendors/ HTTP/1.1" 200 89
"GET /api/agreements/form-data/ HTTP/1.1" 200 309
"GET /api/agreements/8/ HTTP/1.1" 200 833
"GET /api/agreements/8/users-with-access/ HTTP/1.1" 200 136
"GET /api/agreements/8/users-with-access/ HTTP/1.1" 200 136
"GET /api/agreements/form-data/ HTTP/1.1" 200 309
"GET /api/agreements/form-data/ HTTP/1.1" 200 309
"GET /api/agreements/ HTTP/1.1" 200 6716
"GET /api/agreements/ HTTP/1.1" 200 6716
"GET /api/get-csrf/ HTTP/1.1" 200 29
"POST /api/accounts/login/ HTTP/1.1" 200 293
"GET /api/dashboard-stats/ HTTP/1.1" 200 446
"GET /api/dashboard-stats/ HTTP/1.1" 200 446
"GET /api/agreements/form-data/ HTTP/1.1" 200 309
"GET /api/agreements/form-data/ HTTP/1.1" 200 309
"GET /api/agreements/ HTTP/1.1" 200 6716
"GET /api/agreements/ HTTP/1.1" 200 6716
"GET /api/agreements/8/ HTTP/1.1" 200 833
"GET /api/users/available/ HTTP/1.1" 200 106
"GET /api/agreements/form-data/ HTTP/1.1" 200 309
"GET /api/agreements/8/ HTTP/1.1" 200 833
"GET /api/users/available/ HTTP/1.1" 200 106
"GET /api/agreements/form-data/ HTTP/1.1" 200 309
"GET /api/accounts/vendors/ HTTP/1.1" 200 89
"GET /api/agreements/8/users/ HTTP/1.1" 200 136
"GET /api/users/available/ HTTP/1.1" 200 106
"GET /api/agreements/form-data/ HTTP/1.1" 200 309
"GET /api/agreements/8/users/ HTTP/1.1" 200 136
"GET /api/agreements/form-data/ HTTP/1.1" 200 309
"GET /api/accounts/vendors/ HTTP/1.1" 200 89
"GET /api/agreements/8/users/ HTTP/1.1" 200 136
"GET /api/agreements/8/users-with-access/ HTTP/1.1" 200 136
"GET /api/agreements/8/users-with-access/ HTTP/1.1" 200 136
"PUT /api/edit/8/ HTTP/1.1" 200 890
"GET /api/agreements/form-data/ HTTP/1.1" 200 309
"GET /api/agreements/form-data/ HTTP/1.1" 200 309
"GET /api/agreements/ HTTP/1.1" 200 6721
"GET /api/agreements/ HTTP/1.1" 200 6721
"GET /api/accounts/vendors/ HTTP/1.1" 200 89
"GET /api/agreements/form-data/ HTTP/1.1" 200 309
"GET /api/agreements/8/ HTTP/1.1" 200 838
"GET /api/accounts/vendors/ HTTP/1.1" 200 89
"GET /api/agreements/form-data/ HTTP/1.1" 200 309
"GET /api/agreements/8/users-with-access/ HTTP/1.1" 200 141
"GET /api/agreements/8/ HTTP/1.1" 200 838
"GET /api/agreements/8/users-with-access/ HTTP/1.1" 200 141
"GET /api/agreements/form-data/ HTTP/1.1" 200 309
"GET /api/agreements/form-data/ HTTP/1.1" 200 309
"GET /api/agreements/ HTTP/1.1" 200 6721
"GET /api/agreements/ HTTP/1.1" 200 6721
"GET /api/users/available/ HTTP/1.1" 200 106
"GET /api/agreements/form-data/ HTTP/1.1" 200 309
"GET /api/users/available/ HTTP/1.1" 200 106
"GET /api/agreements/form-data/ HTTP/1.1" 200 309
"GET /api/accounts/vendors/ HTTP/1.1" 200 89
"GET /api/agreements/form-data/ HTTP/1.1" 200 309
"GET /api/accounts/vendors/ HTTP/1.1" 200 89
"GET /api/agreements/form-data/ HTTP/1.1" 200 309
"GET /api/agreements/form-data/ HTTP/1.1" 200 309
"GET /api/agreements/form-data/ HTTP/1.1" 200 309
"GET /api/agreements/ HTTP/1.1" 200 6721
"GET /api/agreements/ HTTP/1.1" 200 6721
"GET /api/accounts/vendors/ HTTP/1.1" 200 89
"GET /api/agreements/form-data/ HTTP/1.1" 200 309
"GET /api/agreements/8/ HTTP/1.1" 200 838
"GET /api/accounts/vendors/ HTTP/1.1" 200 89
"GET /api/agreements/form-data/ HTTP/1.1" 200 309
"GET /api/agreements/8/users-with-access/ HTTP/1.1" 200 141
"GET /api/agreements/8/ HTTP/1.1" 200 838
"GET /api/agreements/8/users-with-access/ HTTP/1.1" 200 141
"GET /api/agreements/form-data/ HTTP/1.1" 200 309
"GET /api/agreements/form-data/ HTTP/1.1" 200 309
"GET /api/agreements/ HTTP/1.1" 200 6721
"GET /api/agreements/ HTTP/1.1" 200 6721
"GET /api/accounts/vendors/ HTTP/1.1" 200 89
"GET /api/agreements/form-data/ HTTP/1.1" 200 309
"GET /api/accounts/vendors/ HTTP/1.1" 200 89
"GET /api/agreements/8/ HTTP/1.1" 200 838
"GET /api/agreements/form-data/ HTTP/1.1" 200 309
"GET /api/agreements/8/users-with-access/ HTTP/1.1" 200 141
"GET /api/agreements/8/ HTTP/1.1" 200 838
"GET /api/agreements/8/users-with-access/ HTTP/1.1" 200 141
"GET /api/agreements/form-data/ HTTP/1.1" 200 309
"GET /api/agreements/form-data/ HTTP/1.1" 200 309
"GET /api/agreements/ HTTP/1.1" 200 6721
"GET /api/agreements/ HTTP/1.1" 200 6721
"GET /api/get-csrf/ HTTP/1.1" 200 29
"GET /api/get-csrf/ HTTP/1.1" 200 29
"GET /api/get-csrf/ HTTP/1.1" 200 29
"GET /api/get-csrf/ HTTP/1.1" 200 29
"GET /api/get-csrf/ HTTP/1.1" 200 29
Unauthorized: /api/accounts/login/
"POST /api/accounts/login/ HTTP/1.1" 401 37
"GET /api/get-csrf/ HTTP/1.1" 200 29
Unauthorized: /api/accounts/login/
"POST /api/accounts/login/ HTTP/1.1" 401 37
"GET /api/get-csrf/ HTTP/1.1" 200 29
Unauthorized: /api/accounts/login/
"POST /api/accounts/login/ HTTP/1.1" 401 37
"GET /admin/ HTTP/1.1" 302 0
"GET /admin/login/?next=/admin/ HTTP/1.1" 200 3711
"POST /admin/login/?next=/admin/ HTTP/1.1" 200 3894
"POST /admin/login/?next=/admin/ HTTP/1.1" 200 3891
"POST /admin/login/?next=/admin/ HTTP/1.1" 302 0
"GET /admin/ HTTP/1.1" 200 15684
"POST /admin/logout/ HTTP/1.1" 302 0
"GET /api/get-csrf/ HTTP/1.1" 200 29
"GET /api/get-csrf/ HTTP/1.1" 200 29
"GET /api/get-csrf/ HTTP/1.1" 200 29
"POST /api/accounts/login/ HTTP/1.1" 200 291
"GET /api/dashboard-stats/ HTTP/1.1" 200 446
"GET /api/dashboard-stats/ HTTP/1.1" 200 446
"GET /api/dashboard-stats/ HTTP/1.1" 200 446
"GET /api/dashboard-stats/ HTTP/1.1" 200 446
"GET /api/dashboard-stats/ HTTP/1.1" 200 446
"GET /api/dashboard-stats/ HTTP/1.1" 200 446
"GET /api/dashboard-stats/ HTTP/1.1" 200 446
"GET /api/dashboard-stats/ HTTP/1.1" 200 446
"GET /api/dashboard-stats/ HTTP/1.1" 200 446
"GET /api/dashboard-stats/ HTTP/1.1" 200 446
"GET /api/dashboard-stats/ HTTP/1.1" 200 446
"GET /api/dashboard-stats/ HTTP/1.1" 200 446
"GET /api/dashboard-stats/ HTTP/1.1" 200 446
"GET /api/dashboard-stats/ HTTP/1.1" 200 446
Watching for file changes with StatReloader
Not Found: /
"GET / HTTP/1.1" 404 3103
"GET /admin/ HTTP/1.1" 302 0
"GET /admin/login/?next=/admin/ HTTP/1.1" 200 4190
"GET /static/admin/css/base.css HTTP/1.1" 304 0
"GET /static/admin/css/dark_mode.css HTTP/1.1" 304 0
"GET /static/admin/css/nav_sidebar.css HTTP/1.1" 304 0
"GET /static/admin/css/login.css HTTP/1.1" 304 0
"GET /static/admin/js/theme.js HTTP/1.1" 304 0
"GET /static/admin/css/responsive.css HTTP/1.1" 304 0
"GET /static/admin/js/nav_sidebar.js HTTP/1.1" 304 0
"POST /admin/login/?next=/admin/ HTTP/1.1" 302 0
"GET /admin/ HTTP/1.1" 200 15684
"GET /api/get-csrf/ HTTP/1.1" 200 29
"GET /api/get-csrf/ HTTP/1.1" 200 29
"GET /api/dashboard-stats/ HTTP/1.1" 200 446
"GET /api/dashboard-stats/ HTTP/1.1" 200 446
"GET /api/dashboard-stats/ HTTP/1.1" 200 446
"GET /api/dashboard-stats/ HTTP/1.1" 200 446
"GET /api/dashboard-stats/ HTTP/1.1" 200 446
"GET /api/dashboard-stats/ HTTP/1.1" 200 446
"GET /api/dashboard-stats/ HTTP/1.1" 200 446
"GET /api/dashboard-stats/ HTTP/1.1" 200 446
"GET /api/dashboard-stats/ HTTP/1.1" 200 446
Watching for file changes with StatReloader
"GET /api/get-csrf/ HTTP/1.1" 200 29
Unauthorized: /api/accounts/login/
"POST /api/accounts/login/ HTTP/1.1" 401 37
"GET /api/get-csrf/ HTTP/1.1" 200 29
Unauthorized: /api/accounts/login/
"POST /api/accounts/login/ HTTP/1.1" 401 37
"GET /api/get-csrf/ HTTP/1.1" 200 29
"POST /api/accounts/login/ HTTP/1.1" 200 291
"GET /api/dashboard-stats/ HTTP/1.1" 200 446
"GET /api/dashboard-stats/ HTTP/1.1" 200 446
"GET /api/dashboard-stats/ HTTP/1.1" 200 446
"GET /api/dashboard-stats/ HTTP/1.1" 200 446
"OPTIONS /api/agreements/form-data/ HTTP/1.1" 200 0
"OPTIONS /api/agreements/ HTTP/1.1" 200 0
"OPTIONS /api/agreements/ HTTP/1.1" 200 0
"OPTIONS /api/agreements/form-data/ HTTP/1.1" 200 0
"GET /api/agreements/form-data/ HTTP/1.1" 200 307
"GET /api/agreements/ HTTP/1.1" 200 2
"GET /api/agreements/form-data/ HTTP/1.1" 200 307
"GET /api/agreements/ HTTP/1.1" 200 2
"GET /api/dashboard-stats/ HTTP/1.1" 200 446
"OPTIONS /api/users/available/ HTTP/1.1" 200 0
"OPTIONS /api/users/available/ HTTP/1.1" 200 0
"GET /api/agreements/form-data/ HTTP/1.1" 200 307
"GET /api/users/available/ HTTP/1.1" 200 293
"OPTIONS /api/accounts/vendors/ HTTP/1.1" 200 0
"GET /api/users/available/ HTTP/1.1" 200 293
"GET /api/agreements/form-data/ HTTP/1.1" 200 307
"GET /api/accounts/vendors/ HTTP/1.1" 200 89
"GET /api/agreements/form-data/ HTTP/1.1" 200 307
"GET /api/agreements/form-data/ HTTP/1.1" 200 307
"GET /api/accounts/vendors/ HTTP/1.1" 200 89
"GET /api/dashboard-stats/ HTTP/1.1" 200 446
"GET /api/dashboard-stats/ HTTP/1.1" 200 446
"GET /api/dashboard-stats/ HTTP/1.1" 200 446
"GET /api/dashboard-stats/ HTTP/1.1" 200 446
"GET /api/dashboard-stats/ HTTP/1.1" 200 446
"GET /api/dashboard-stats/ HTTP/1.1" 200 446
"GET /api/dashboard-stats/ HTTP/1.1" 200 446
"GET /api/dashboard-stats/ HTTP/1.1" 200 446
"GET /api/dashboard-stats/ HTTP/1.1" 200 446
"GET /api/dashboard-stats/ HTTP/1.1" 200 446
"GET /api/dashboard-stats/ HTTP/1.1" 200 446
"GET /api/dashboard-stats/ HTTP/1.1" 200 446
"GET /api/dashboard-stats/ HTTP/1.1" 200 446
"GET /api/dashboard-stats/ HTTP/1.1" 200 446
"GET /api/dashboard-stats/ HTTP/1.1" 200 446
"GET /api/dashboard-stats/ HTTP/1.1" 200 446
"GET /api/dashboard-stats/ HTTP/1.1" 200 446
"GET /api/dashboard-stats/ HTTP/1.1" 200 446
"GET /api/dashboard-stats/ HTTP/1.1" 200 446
"GET /api/dashboard-stats/ HTTP/1.1" 200 446
"GET /api/dashboard-stats/ HTTP/1.1" 200 446
"GET /api/dashboard-stats/ HTTP/1.1" 200 446
"GET /api/dashboard-stats/ HTTP/1.1" 200 446
"GET /api/dashboard-stats/ HTTP/1.1" 200 446
"GET /api/dashboard-stats/ HTTP/1.1" 200 446
"GET /api/dashboard-stats/ HTTP/1.1" 200 446
"GET /api/dashboard-stats/ HTTP/1.1" 200 446
"GET /api/dashboard-stats/ HTTP/1.1" 200 446
"GET /api/dashboard-stats/ HTTP/1.1" 200 446
"GET /api/dashboard-stats/ HTTP/1.1" 200 446
"GET /api/dashboard-stats/ HTTP/1.1" 200 446
"GET /api/dashboard-stats/ HTTP/1.1" 200 446
"GET /api/dashboard-stats/ HTTP/1.1" 200 446
"GET /api/agreements/ HTTP/1.1" 200 2
"GET /api/agreements/form-data/ HTTP/1.1" 200 307
"GET /api/agreements/ HTTP/1.1" 200 2
"GET /api/agreements/form-data/ HTTP/1.1" 200 307
"GET /api/users/available/ HTTP/1.1" 200 293
"GET /api/agreements/form-data/ HTTP/1.1" 200 307
"GET /api/users/available/ HTTP/1.1" 200 293
"GET /api/accounts/vendors/ HTTP/1.1" 200 89
"GET /api/agreements/form-data/ HTTP/1.1" 200 307
"GET /api/agreements/form-data/ HTTP/1.1" 200 307
"GET /api/accounts/vendors/ HTTP/1.1" 200 89
"GET /api/agreements/form-data/ HTTP/1.1" 200 307
"GET /api/dashboard-stats/ HTTP/1.1" 200 446
"GET /api/dashboard-stats/ HTTP/1.1" 200 446
"GET /api/dashboard-stats/ HTTP/1.1" 200 446
"GET /api/dashboard-stats/ HTTP/1.1" 200 446
"GET /api/dashboard-stats/ HTTP/1.1" 200 446
"GET /api/dashboard-stats/ HTTP/1.1" 200 446
"GET /api/dashboard-stats/ HTTP/1.1" 200 446
"GET /api/dashboard-stats/ HTTP/1.1" 200 446
"GET /api/dashboard-stats/ HTTP/1.1" 200 446
"GET /api/dashboard-stats/ HTTP/1.1" 200 446
"GET /api/dashboard-stats/ HTTP/1.1" 200 446
"GET /api/dashboard-stats/ HTTP/1.1" 200 446
"GET /api/dashboard-stats/ HTTP/1.1" 200 446
"GET /api/dashboard-stats/ HTTP/1.1" 200 446
"GET /api/dashboard-stats/ HTTP/1.1" 200 446
"GET /api/dashboard-stats/ HTTP/1.1" 200 446
"GET /api/dashboard-stats/ HTTP/1.1" 200 446
"GET /api/dashboard-stats/ HTTP/1.1" 200 446
"GET /api/dashboard-stats/ HTTP/1.1" 200 446
"GET /api/dashboard-stats/ HTTP/1.1" 200 446
"GET /api/dashboard-stats/ HTTP/1.1" 200 446
"GET /api/dashboard-stats/ HTTP/1.1" 200 446
"GET /api/dashboard-stats/ HTTP/1.1" 200 446
"GET /api/dashboard-stats/ HTTP/1.1" 200 446
"GET /api/dashboard-stats/ HTTP/1.1" 200 446
"GET /api/dashboard-stats/ HTTP/1.1" 200 446
F:\Sonali Intellect\Agreement Tracking Module\SP new version\SP\atm\Agreement_tracking\settings.py changed, reloading.
Watching for file changes with StatReloader
"GET /api/dashboard-stats/ HTTP/1.1" 200 446
F:\Sonali Intellect\Agreement Tracking Module\SP new version\SP\atm\Agreement_tracking\settings.py changed, reloading.
Watching for file changes with StatReloader
F:\Sonali Intellect\Agreement Tracking Module\SP new version\SP\atm\Agreement_tracking\settings.py changed, reloading.
Watching for file changes with StatReloader
"GET /api/dashboard-stats/ HTTP/1.1" 200 446
"GET /api/dashboard-stats/ HTTP/1.1" 200 446
"GET /api/dashboard-stats/ HTTP/1.1" 200 446
"GET /api/dashboard-stats/ HTTP/1.1" 200 446
"GET /api/dashboard-stats/ HTTP/1.1" 200 446
F:\Sonali Intellect\Agreement Tracking Module\SP new version\SP\atm\Agreement_tracking\settings.py changed, reloading.
Watching for file changes with StatReloader
F:\Sonali Intellect\Agreement Tracking Module\SP new version\SP\atm\Agreement_tracking\settings.py changed, reloading.
Watching for file changes with StatReloader
F:\Sonali Intellect\Agreement Tracking Module\SP new version\SP\atm\Agreement_tracking\settings.py changed, reloading.
Watching for file changes with StatReloader
"GET /api/dashboard-stats/ HTTP/1.1" 200 446
"GET /api/dashboard-stats/ HTTP/1.1" 200 446
"GET /api/get-csrf/ HTTP/1.1" 200 29
"POST /api/accounts/login/ HTTP/1.1" 200 293
"GET /api/dashboard-stats/ HTTP/1.1" 200 446
"GET /api/dashboard-stats/ HTTP/1.1" 200 446
"GET /api/dashboard-stats/ HTTP/1.1" 200 446
"GET /api/dashboard-stats/ HTTP/1.1" 200 446
"GET /api/dashboard-stats/ HTTP/1.1" 200 446
"GET /api/dashboard-stats/ HTTP/1.1" 200 446
"GET /api/dashboard-stats/ HTTP/1.1" 200 446
"GET /api/dashboard-stats/ HTTP/1.1" 200 446
"GET /api/agreements/ HTTP/1.1" 200 6721
"GET /api/agreements/form-data/ HTTP/1.1" 200 309
"GET /api/agreements/form-data/ HTTP/1.1" 200 309
"GET /api/agreements/ HTTP/1.1" 200 6721
Forbidden: /api/agreements/
"GET /api/agreements/ HTTP/1.1" 403 58
Forbidden: /api/agreements/form-data/
"GET /api/agreements/form-data/ HTTP/1.1" 403 58
"GET /api/get-csrf/ HTTP/1.1" 200 29
Forbidden: /api/agreements/
Forbidden: /api/agreements/form-data/
"GET /api/agreements/ HTTP/1.1" 403 58
"GET /api/agreements/form-data/ HTTP/1.1" 403 58
"GET /api/get-csrf/ HTTP/1.1" 200 29
"GET /api/get-csrf/ HTTP/1.1" 200 29
"GET /api/get-csrf/ HTTP/1.1" 200 29
Forbidden: /api/dashboard-stats/
"GET /api/dashboard-stats/ HTTP/1.1" 403 58
Forbidden: /api/dashboard-stats/
"GET /api/dashboard-stats/ HTTP/1.1" 403 58
"GET /api/get-csrf/ HTTP/1.1" 200 29
"POST /api/accounts/login/ HTTP/1.1" 200 291
"GET /api/dashboard-stats/ HTTP/1.1" 200 446
"GET /api/dashboard-stats/ HTTP/1.1" 200 446
"GET /admin/ HTTP/1.1" 200 15684
"POST /admin/logout/ HTTP/1.1" 302 0
"GET /api/get-csrf/ HTTP/1.1" 200 29
"GET /api/get-csrf/ HTTP/1.1" 200 29
Forbidden: /api/dashboard-stats/
"GET /api/dashboard-stats/ HTTP/1.1" 403 58
Forbidden: /api/dashboard-stats/
"GET /api/dashboard-stats/ HTTP/1.1" 403 58
"GET /api/get-csrf/ HTTP/1.1" 200 29
"GET /api/get-csrf/ HTTP/1.1" 200 29
Forbidden: /api/dashboard-stats/
"GET /api/dashboard-stats/ HTTP/1.1" 403 58
"GET /api/get-csrf/ HTTP/1.1" 200 29
"GET /api/get-csrf/ HTTP/1.1" 200 29
Forbidden: /api/dashboard-stats/
"GET /api/dashboard-stats/ HTTP/1.1" 403 58
F:\Sonali Intellect\Agreement Tracking Module\SP new version\SP\atm\accounts\models.py changed, reloading.
Watching for file changes with StatReloader
F:\Sonali Intellect\Agreement Tracking Module\SP new version\SP\atm\accounts\models.py changed, reloading.
Watching for file changes with StatReloader
F:\Sonali Intellect\Agreement Tracking Module\SP new version\SP\atm\accounts\models.py changed, reloading.
Watching for file changes with StatReloader
Forbidden: /api/dashboard-stats/
"GET /api/dashboard-stats/ HTTP/1.1" 403 58
F:\Sonali Intellect\Agreement Tracking Module\SP new version\SP\atm\accounts\models.py changed, reloading.
Watching for file changes with StatReloader
Forbidden: /api/dashboard-stats/
"GET /api/dashboard-stats/ HTTP/1.1" 403 58
Forbidden: /api/dashboard-stats/
"GET /api/dashboard-stats/ HTTP/1.1" 403 58
Forbidden: /api/dashboard-stats/
"GET /api/dashboard-stats/ HTTP/1.1" 403 58
"OPTIONS /api/dashboard-stats/ HTTP/1.1" 200 0
Forbidden: /api/dashboard-stats/
"GET /api/dashboard-stats/ HTTP/1.1" 403 58
Forbidden: /api/dashboard-stats/
"GET /api/dashboard-stats/ HTTP/1.1" 403 58
"OPTIONS /api/get-csrf/ HTTP/1.1" 200 0
"GET /api/get-csrf/ HTTP/1.1" 200 29
"OPTIONS /api/accounts/login/ HTTP/1.1" 200 0
"POST /api/accounts/login/ HTTP/1.1" 200 293
"GET /api/dashboard-stats/ HTTP/1.1" 200 446
"GET /api/dashboard-stats/ HTTP/1.1" 200 446
"GET /api/agreements/ HTTP/1.1" 200 6721
"GET /api/agreements/form-data/ HTTP/1.1" 200 309
"GET /api/agreements/ HTTP/1.1" 200 6721
"GET /api/agreements/form-data/ HTTP/1.1" 200 309
"GET /api/users/available/ HTTP/1.1" 200 106
"GET /api/agreements/form-data/ HTTP/1.1" 200 309
"GET /api/users/available/ HTTP/1.1" 200 106
"GET /api/agreements/form-data/ HTTP/1.1" 200 309
"GET /api/accounts/vendors/ HTTP/1.1" 200 89
"GET /api/agreements/form-data/ HTTP/1.1" 200 309
"GET /api/accounts/vendors/ HTTP/1.1" 200 89
"GET /api/agreements/form-data/ HTTP/1.1" 200 309
"GET /api/dashboard-stats/ HTTP/1.1" 200 446
Forbidden: /api/users/available/
"GET /api/users/available/ HTTP/1.1" 403 58
Forbidden: /api/agreements/form-data/
"GET /api/agreements/form-data/ HTTP/1.1" 403 58
"GET /api/get-csrf/ HTTP/1.1" 200 29
Forbidden: /api/users/available/
"GET /api/users/available/ HTTP/1.1" 403 58
Forbidden: /api/agreements/form-data/
"GET /api/agreements/form-data/ HTTP/1.1" 403 58
Forbidden: /api/agreements/form-data/
"GET /api/agreements/form-data/ HTTP/1.1" 403 58
"GET /api/get-csrf/ HTTP/1.1" 200 29
Forbidden: /api/agreements/form-data/
"GET /api/agreements/form-data/ HTTP/1.1" 403 58
"GET /api/get-csrf/ HTTP/1.1" 200 29
"GET /api/get-csrf/ HTTP/1.1" 200 29
Forbidden: /api/dashboard-stats/
"GET /api/dashboard-stats/ HTTP/1.1" 403 58
"GET /api/get-csrf/ HTTP/1.1" 200 29
"POST /api/accounts/login/ HTTP/1.1" 200 293
"GET /api/dashboard-stats/ HTTP/1.1" 200 446
"GET /api/dashboard-stats/ HTTP/1.1" 200 446
"GET /api/agreements/form-data/ HTTP/1.1" 200 309
"GET /api/agreements/form-data/ HTTP/1.1" 200 309
"GET /api/agreements/ HTTP/1.1" 200 6721
"GET /api/agreements/ HTTP/1.1" 200 6721
"GET /api/users/available/ HTTP/1.1" 200 106
"GET /api/agreements/form-data/ HTTP/1.1" 200 309
"GET /api/users/available/ HTTP/1.1" 200 106
"GET /api/accounts/vendors/ HTTP/1.1" 200 89
"GET /api/agreements/form-data/ HTTP/1.1" 200 309
"GET /api/agreements/form-data/ HTTP/1.1" 200 309
"GET /api/accounts/vendors/ HTTP/1.1" 200 89
"GET /api/agreements/form-data/ HTTP/1.1" 200 309
"GET /api/dashboard-stats/ HTTP/1.1" 200 446
"GET /api/get-csrf/ HTTP/1.1" 200 29
"GET /api/users/available/ HTTP/1.1" 200 106
"GET /api/agreements/form-data/ HTTP/1.1" 200 309
"GET /api/get-csrf/ HTTP/1.1" 200 29
"GET /api/users/available/ HTTP/1.1" 200 106
"GET /api/accounts/vendors/ HTTP/1.1" 200 89
"GET /api/agreements/form-data/ HTTP/1.1" 200 309
"GET /api/agreements/form-data/ HTTP/1.1" 200 309
"GET /api/accounts/vendors/ HTTP/1.1" 200 89
"GET /api/agreements/form-data/ HTTP/1.1" 200 309
Forbidden: /api/dashboard-stats/
"GET /api/dashboard-stats/ HTTP/1.1" 403 58
Forbidden: /api/dashboard-stats/
"GET /api/dashboard-stats/ HTTP/1.1" 403 58
Forbidden: /api/agreements/submit/
"POST /api/agreements/submit/ HTTP/1.1" 403 58
"GET /api/get-csrf/ HTTP/1.1" 200 29
"GET /api/get-csrf/ HTTP/1.1" 200 29
Forbidden: /api/dashboard-stats/
"GET /api/dashboard-stats/ HTTP/1.1" 403 58
Forbidden: /api/dashboard-stats/
"GET /api/dashboard-stats/ HTTP/1.1" 403 58
F:\Sonali Intellect\Agreement Tracking Module\SP new version\SP\atm\Agreement_tracking\settings.py changed, reloading.
Watching for file changes with StatReloader
Not Found: /
"GET / HTTP/1.1" 404 3103
Not Found: /favicon.ico
"GET /favicon.ico HTTP/1.1" 404 3154
"GET /admin/ HTTP/1.1" 302 0
"GET /admin/login/?next=/admin/ HTTP/1.1" 200 4190
"GET /static/admin/css/base.css HTTP/1.1" 304 0
"GET /static/admin/css/dark_mode.css HTTP/1.1" 304 0
"GET /static/admin/css/nav_sidebar.css HTTP/1.1" 304 0
"GET /static/admin/css/login.css HTTP/1.1" 304 0
"GET /static/admin/js/theme.js HTTP/1.1" 304 0
"GET /static/admin/css/responsive.css HTTP/1.1" 304 0
"GET /static/admin/js/nav_sidebar.js HTTP/1.1" 304 0
"GET /api/get-csrf/ HTTP/1.1" 200 29
"GET /api/get-csrf/ HTTP/1.1" 200 29
"OPTIONS /api/get-csrf/ HTTP/1.1" 200 0
"GET /api/get-csrf/ HTTP/1.1" 200 29
"OPTIONS /api/accounts/login/ HTTP/1.1" 200 0
"POST /api/accounts/login/ HTTP/1.1" 200 291
"OPTIONS /api/dashboard-stats/ HTTP/1.1" 200 0
"OPTIONS /api/dashboard-stats/ HTTP/1.1" 200 0
"GET /api/dashboard-stats/ HTTP/1.1" 200 446
"GET /api/dashboard-stats/ HTTP/1.1" 200 446
"GET /admin/ HTTP/1.1" 200 15684
Not Found: /favicon.ico
"GET /favicon.ico HTTP/1.1" 404 3154
"OPTIONS /api/agreements/ HTTP/1.1" 200 0
"OPTIONS /api/agreements/form-data/ HTTP/1.1" 200 0
"OPTIONS /api/agreements/ HTTP/1.1" 200 0
"OPTIONS /api/agreements/form-data/ HTTP/1.1" 200 0
"GET /api/agreements/form-data/ HTTP/1.1" 200 307
"GET /api/agreements/ HTTP/1.1" 200 2
"GET /api/agreements/form-data/ HTTP/1.1" 200 307
"GET /api/agreements/ HTTP/1.1" 200 2
"GET /admin/accounts/departmentpermission/ HTTP/1.1" 200 15900
"GET /static/admin/css/changelists.css HTTP/1.1" 200 6878
"GET /static/admin/js/jquery.init.js HTTP/1.1" 200 347
"GET /static/admin/js/core.js HTTP/1.1" 200 6208
"GET /static/admin/js/vendor/jquery/jquery.js HTTP/1.1" 200 285314
"GET /static/admin/js/admin/RelatedObjectLookups.js HTTP/1.1" 200 9777
"GET /static/admin/js/urlify.js HTTP/1.1" 200 7887
"GET /static/admin/js/actions.js HTTP/1.1" 200 8076
"GET /admin/jsi18n/ HTTP/1.1" 200 3342
"GET /static/admin/js/prepopulate.js HTTP/1.1" 200 1531
"GET /static/admin/img/search.svg HTTP/1.1" 200 458
"GET /static/admin/js/vendor/xregexp/xregexp.js HTTP/1.1" 200 325171
"GET /static/admin/js/filters.js HTTP/1.1" 200 978
"GET /static/admin/img/tooltag-add.svg HTTP/1.1" 200 331
"GET /static/admin/img/icon-viewlink.svg HTTP/1.1" 200 581
"GET /admin/accounts/departmentpermission/add/ HTTP/1.1" 200 19398
"GET /static/admin/css/forms.css HTTP/1.1" 200 8525
"GET /static/admin/js/prepopulate_init.js HTTP/1.1" 200 586
"GET /static/admin/css/widgets.css HTTP/1.1" 200 11991
"GET /admin/jsi18n/ HTTP/1.1" 200 3342
"GET /static/admin/img/icon-deletelink.svg HTTP/1.1" 200 392
"GET /static/admin/js/change_form.js HTTP/1.1" 200 606
"POST /admin/accounts/departmentpermission/add/ HTTP/1.1" 302 0
"GET /admin/accounts/departmentpermission/ HTTP/1.1" 200 16685
"GET /admin/jsi18n/ HTTP/1.1" 200 3342
"GET /static/admin/img/icon-yes.svg HTTP/1.1" 200 436
"GET /api/agreements/form-data/ HTTP/1.1" 200 333
"GET /api/agreements/form-data/ HTTP/1.1" 200 333
"GET /api/agreements/form-data/ HTTP/1.1" 200 333
"GET /api/agreements/form-data/ HTTP/1.1" 200 333
"OPTIONS /api/users/available/ HTTP/1.1" 200 0
"OPTIONS /api/users/available/ HTTP/1.1" 200 0
"OPTIONS /api/accounts/vendors/ HTTP/1.1" 200 0
"OPTIONS /api/accounts/vendors/ HTTP/1.1" 200 0
"GET /api/users/available/ HTTP/1.1" 200 293
"GET /api/accounts/vendors/ HTTP/1.1" 200 89
"GET /api/users/available/ HTTP/1.1" 200 293
"GET /api/accounts/vendors/ HTTP/1.1" 200 89
"GET /api/agreements/form-data/ HTTP/1.1" 200 333
"GET /api/agreements/ HTTP/1.1" 200 2
"GET /api/agreements/form-data/ HTTP/1.1" 200 333
"GET /api/agreements/ HTTP/1.1" 200 2
"GET /admin/ HTTP/1.1" 200 15734
"GET /api/get-csrf/ HTTP/1.1" 200 29
"GET /api/get-csrf/ HTTP/1.1" 200 29
"GET /api/agreements/ HTTP/1.1" 200 2
"GET /api/agreements/form-data/ HTTP/1.1" 200 333
"GET /api/agreements/ HTTP/1.1" 200 2
"GET /api/agreements/form-data/ HTTP/1.1" 200 333
"GET /admin/accounts/user/ HTTP/1.1" 200 18406
"GET /admin/jsi18n/ HTTP/1.1" 200 3342
"GET /static/admin/img/icon-no.svg HTTP/1.1" 200 560
"GET /static/admin/img/sorting-icons.svg HTTP/1.1" 200 1097
"GET /admin/accounts/user/1/change/ HTTP/1.1" 200 32118
"GET /static/admin/js/calendar.js HTTP/1.1" 200 9141
"GET /static/admin/js/admin/DateTimeShortcuts.js HTTP/1.1" 200 19319
"GET /static/admin/js/SelectBox.js HTTP/1.1" 200 4530
"GET /static/admin/js/SelectFilter2.js HTTP/1.1" 200 15845
"GET /admin/jsi18n/ HTTP/1.1" 200 3342
"GET /static/admin/img/icon-calendar.svg HTTP/1.1" 200 1086
"GET /static/admin/img/selector-icons.svg HTTP/1.1" 200 3291
"GET /static/admin/img/icon-clock.svg HTTP/1.1" 200 677
"GET /admin/accounts/user/ HTTP/1.1" 200 18406
"GET /api/dashboard-stats/ HTTP/1.1" 200 446
"GET /api/dashboard-stats/ HTTP/1.1" 200 446
"GET /api/agreements/ HTTP/1.1" 200 2
"GET /api/agreements/form-data/ HTTP/1.1" 200 333
"GET /api/agreements/ HTTP/1.1" 200 2
"GET /api/agreements/form-data/ HTTP/1.1" 200 333
"GET /api/users/available/ HTTP/1.1" 200 293
"GET /api/agreements/form-data/ HTTP/1.1" 200 333
"GET /api/users/available/ HTTP/1.1" 200 293
"GET /api/agreements/form-data/ HTTP/1.1" 200 333
"GET /api/accounts/vendors/ HTTP/1.1" 200 89
"GET /api/agreements/form-data/ HTTP/1.1" 200 333
"GET /api/agreements/form-data/ HTTP/1.1" 200 333
"GET /api/accounts/vendors/ HTTP/1.1" 200 89
"OPTIONS /api/agreements/submit/ HTTP/1.1" 200 0
Failed to send created reminder for agreement 9 to test@sonali.com: Connection unexpectedly closed
"POST /api/agreements/submit/ HTTP/1.1" 201 77
"GET /api/agreements/form-data/ HTTP/1.1" 200 333
"GET /api/agreements/ HTTP/1.1" 200 810
"GET /api/agreements/form-data/ HTTP/1.1" 200 333
"GET /api/agreements/ HTTP/1.1" 200 810
"GET /api/dashboard-stats/ HTTP/1.1" 200 446
"GET /api/dashboard-stats/ HTTP/1.1" 200 446
"GET /api/get-csrf/ HTTP/1.1" 200 29
"POST /api/accounts/login/ HTTP/1.1" 200 293
"GET /api/dashboard-stats/ HTTP/1.1" 200 446
"GET /api/dashboard-stats/ HTTP/1.1" 200 446
"GET /api/agreements/form-data/ HTTP/1.1" 200 309
"GET /api/agreements/form-data/ HTTP/1.1" 200 309
"GET /api/agreements/ HTTP/1.1" 200 6721
"GET /api/agreements/ HTTP/1.1" 200 6721
"GET /admin/accounts/departmentpermission/ HTTP/1.1" 302 0
"GET /admin/login/?next=/admin/accounts/departmentpermission/ HTTP/1.1" 200 3771
"GET /api/dashboard-stats/ HTTP/1.1" 200 446
"GET /api/dashboard-stats/ HTTP/1.1" 200 446
"GET /api/dashboard-stats/ HTTP/1.1" 200 446
"GET /api/agreements/form-data/ HTTP/1.1" 200 309
"GET /api/agreements/form-data/ HTTP/1.1" 200 309
"GET /api/agreements/ HTTP/1.1" 200 6721
"GET /api/agreements/ HTTP/1.1" 200 6721
"OPTIONS /api/agreements/8/ HTTP/1.1" 200 0
"OPTIONS /api/agreements/8/ HTTP/1.1" 200 0
"GET /api/agreements/8/ HTTP/1.1" 200 838
"GET /api/agreements/8/ HTTP/1.1" 200 838
"GET /api/agreements/form-data/ HTTP/1.1" 200 309
"GET /api/users/available/ HTTP/1.1" 200 106
"OPTIONS /api/agreements/8/users/ HTTP/1.1" 200 0
"GET /api/agreements/form-data/ HTTP/1.1" 200 309
"GET /api/accounts/vendors/ HTTP/1.1" 200 89
"GET /api/users/available/ HTTP/1.1" 200 106
"GET /api/agreements/8/users/ HTTP/1.1" 200 141
"GET /api/agreements/form-data/ HTTP/1.1" 200 309
"GET /api/users/available/ HTTP/1.1" 200 106
"GET /api/agreements/8/users/ HTTP/1.1" 200 141
"GET /api/agreements/form-data/ HTTP/1.1" 200 309
"GET /api/agreements/8/users/ HTTP/1.1" 200 141
"GET /api/accounts/vendors/ HTTP/1.1" 200 89
"OPTIONS /api/agreements/8/users-with-access/ HTTP/1.1" 200 0
"OPTIONS /api/agreements/8/users-with-access/ HTTP/1.1" 200 0
"GET /api/agreements/8/users-with-access/ HTTP/1.1" 200 141
"GET /api/agreements/8/users-with-access/ HTTP/1.1" 200 141
"OPTIONS /api/edit/8/ HTTP/1.1" 200 0
"PUT /api/edit/8/ HTTP/1.1" 200 890
"GET /api/agreements/ HTTP/1.1" 200 6721
"GET /api/agreements/form-data/ HTTP/1.1" 200 309
"GET /api/agreements/ HTTP/1.1" 200 6721
"GET /api/agreements/form-data/ HTTP/1.1" 200 309
"GET /api/dashboard-stats/ HTTP/1.1" 200 446
"GET /api/dashboard-stats/ HTTP/1.1" 200 446
F:\Sonali Intellect\Agreement Tracking Module\SP new version\SP\atm\Agreement_tracking\settings.py changed, reloading.
Watching for file changes with StatReloader
"GET /api/get-csrf/ HTTP/1.1" 200 29
"GET /api/get-csrf/ HTTP/1.1" 200 29
"GET /api/dashboard-stats/ HTTP/1.1" 200 446
"GET /api/dashboard-stats/ HTTP/1.1" 200 446
"GET /api/dashboard-stats/ HTTP/1.1" 200 446
"GET /api/dashboard-stats/ HTTP/1.1" 200 446
"GET /api/dashboard-stats/ HTTP/1.1" 200 446
"GET /api/dashboard-stats/ HTTP/1.1" 200 446
"GET /api/dashboard-stats/ HTTP/1.1" 200 446
"GET /api/dashboard-stats/ HTTP/1.1" 200 446
"GET /api/dashboard-stats/ HTTP/1.1" 200 446
"GET /api/dashboard-stats/ HTTP/1.1" 200 446
"GET /api/dashboard-stats/ HTTP/1.1" 200 446
"GET /api/dashboard-stats/ HTTP/1.1" 200 446
"GET /api/dashboard-stats/ HTTP/1.1" 200 446
"GET /api/dashboard-stats/ HTTP/1.1" 200 446
"GET /api/dashboard-stats/ HTTP/1.1" 200 446
"GET /api/dashboard-stats/ HTTP/1.1" 200 446
"GET /api/dashboard-stats/ HTTP/1.1" 200 446
"GET /api/dashboard-stats/ HTTP/1.1" 200 446
"GET /api/dashboard-stats/ HTTP/1.1" 200 446
"GET /api/dashboard-stats/ HTTP/1.1" 200 446
"GET /api/dashboard-stats/ HTTP/1.1" 200 446
"GET /api/dashboard-stats/ HTTP/1.1" 200 446
"GET /api/dashboard-stats/ HTTP/1.1" 200 446
"GET /api/dashboard-stats/ HTTP/1.1" 200 446
"GET /api/dashboard-stats/ HTTP/1.1" 200 446
"GET /api/dashboard-stats/ HTTP/1.1" 200 446
"GET /api/dashboard-stats/ HTTP/1.1" 200 446
"GET /api/dashboard-stats/ HTTP/1.1" 200 446
"GET /api/dashboard-stats/ HTTP/1.1" 200 446
"GET /api/dashboard-stats/ HTTP/1.1" 200 446
"GET /api/dashboard-stats/ HTTP/1.1" 200 446
"GET /api/agreements/ HTTP/1.1" 200 6721
"GET /api/agreements/form-data/ HTTP/1.1" 200 309
"GET /api/agreements/ HTTP/1.1" 200 6721
"GET /api/agreements/form-data/ HTTP/1.1" 200 309
"GET /api/users/available/ HTTP/1.1" 200 106
"GET /api/agreements/form-data/ HTTP/1.1" 200 309
"GET /api/users/available/ HTTP/1.1" 200 106
"GET /api/accounts/vendors/ HTTP/1.1" 200 89
"GET /api/agreements/form-data/ HTTP/1.1" 200 309
"GET /api/agreements/form-data/ HTTP/1.1" 200 309
"GET /api/accounts/vendors/ HTTP/1.1" 200 89
"GET /api/agreements/form-data/ HTTP/1.1" 200 309
"POST /api/agreements/submit/ HTTP/1.1" 201 78
"GET /api/agreements/form-data/ HTTP/1.1" 200 309
"GET /api/agreements/form-data/ HTTP/1.1" 200 309
"GET /api/agreements/ HTTP/1.1" 200 7519
"GET /api/agreements/ HTTP/1.1" 200 7519
"GET /api/dashboard-stats/ HTTP/1.1" 200 446
"GET /api/dashboard-stats/ HTTP/1.1" 200 446
"GET /api/agreements/form-data/ HTTP/1.1" 200 309
"GET /api/agreements/form-data/ HTTP/1.1" 200 309
"GET /api/agreements/ HTTP/1.1" 200 7519
"GET /api/agreements/ HTTP/1.1" 200 7519
"OPTIONS /api/agreements/10/ HTTP/1.1" 200 0
"OPTIONS /api/agreements/10/ HTTP/1.1" 200 0
"GET /api/agreements/10/ HTTP/1.1" 200 797
"GET /api/users/available/ HTTP/1.1" 200 106
"OPTIONS /api/agreements/10/users/ HTTP/1.1" 200 0
"GET /api/agreements/form-data/ HTTP/1.1" 200 309
"GET /api/agreements/10/ HTTP/1.1" 200 797
"GET /api/users/available/ HTTP/1.1" 200 106
"GET /api/agreements/form-data/ HTTP/1.1" 200 309
"GET /api/agreements/10/users/ HTTP/1.1" 200 136
"GET /api/accounts/vendors/ HTTP/1.1" 200 89
"GET /api/users/available/ HTTP/1.1" 200 106
"GET /api/agreements/10/users/ HTTP/1.1" 200 136
"GET /api/agreements/form-data/ HTTP/1.1" 200 309
"GET /api/agreements/10/users/ HTTP/1.1" 200 136
"GET /api/agreements/form-data/ HTTP/1.1" 200 309
"GET /api/accounts/vendors/ HTTP/1.1" 200 89
"OPTIONS /api/agreements/10/users-with-access/ HTTP/1.1" 200 0
"OPTIONS /api/agreements/10/users-with-access/ HTTP/1.1" 200 0
"GET /api/agreements/10/users-with-access/ HTTP/1.1" 200 136
"GET /api/agreements/10/users-with-access/ HTTP/1.1" 200 136
"OPTIONS /api/edit/10/ HTTP/1.1" 200 0
"PUT /api/edit/10/ HTTP/1.1" 200 849
"GET /api/agreements/form-data/ HTTP/1.1" 200 309
"GET /api/agreements/form-data/ HTTP/1.1" 200 309
"GET /api/agreements/ HTTP/1.1" 200 7519
"GET /api/agreements/ HTTP/1.1" 200 7519
"GET /api/dashboard-stats/ HTTP/1.1" 200 446
"GET /api/dashboard-stats/ HTTP/1.1" 200 446
"GET /api/dashboard-stats/ HTTP/1.1" 200 446
"GET /api/agreements/form-data/ HTTP/1.1" 200 309
"GET /api/agreements/form-data/ HTTP/1.1" 200 309
"GET /api/agreements/ HTTP/1.1" 200 7519
"GET /api/agreements/ HTTP/1.1" 200 7519
"GET /api/agreements/10/ HTTP/1.1" 200 797
"GET /api/users/available/ HTTP/1.1" 200 106
"GET /api/agreements/10/ HTTP/1.1" 200 797
"GET /api/agreements/form-data/ HTTP/1.1" 200 309
"GET /api/users/available/ HTTP/1.1" 200 106
"GET /api/agreements/10/users/ HTTP/1.1" 200 136
"GET /api/accounts/vendors/ HTTP/1.1" 200 89
"GET /api/agreements/form-data/ HTTP/1.1" 200 309
"GET /api/users/available/ HTTP/1.1" 200 106
"GET /api/agreements/10/users/ HTTP/1.1" 200 136
"GET /api/agreements/form-data/ HTTP/1.1" 200 309
"GET /api/agreements/10/users/ HTTP/1.1" 200 136
"GET /api/agreements/form-data/ HTTP/1.1" 200 309
"GET /api/accounts/vendors/ HTTP/1.1" 200 89
"GET /api/agreements/10/users-with-access/ HTTP/1.1" 200 136
"GET /api/agreements/10/users-with-access/ HTTP/1.1" 200 136
"PUT /api/edit/10/ HTTP/1.1" 200 849
"GET /api/agreements/form-data/ HTTP/1.1" 200 309
"GET /api/agreements/form-data/ HTTP/1.1" 200 309
"GET /api/agreements/ HTTP/1.1" 200 7519
"GET /api/agreements/ HTTP/1.1" 200 7519
"GET /api/dashboard-stats/ HTTP/1.1" 200 446
"GET /api/dashboard-stats/ HTTP/1.1" 200 446
"GET /api/dashboard-stats/ HTTP/1.1" 200 446
"GET /api/dashboard-stats/ HTTP/1.1" 200 446
"GET /api/dashboard-stats/ HTTP/1.1" 200 446
"GET /api/dashboard-stats/ HTTP/1.1" 200 446
"GET /api/dashboard-stats/ HTTP/1.1" 200 446
"GET /api/dashboard-stats/ HTTP/1.1" 200 446
"GET /api/dashboard-stats/ HTTP/1.1" 200 446
"GET /api/dashboard-stats/ HTTP/1.1" 200 446
"GET /api/dashboard-stats/ HTTP/1.1" 200 446
"GET /api/dashboard-stats/ HTTP/1.1" 200 446
"GET /api/dashboard-stats/ HTTP/1.1" 200 446
"GET /api/dashboard-stats/ HTTP/1.1" 200 446
"GET /api/dashboard-stats/ HTTP/1.1" 200 446
"GET /api/dashboard-stats/ HTTP/1.1" 200 446
"GET /api/dashboard-stats/ HTTP/1.1" 200 446
"GET /api/dashboard-stats/ HTTP/1.1" 200 446
"GET /api/dashboard-stats/ HTTP/1.1" 200 446
"GET /api/dashboard-stats/ HTTP/1.1" 200 446
"GET /api/dashboard-stats/ HTTP/1.1" 200 446
"GET /api/dashboard-stats/ HTTP/1.1" 200 446
"GET /api/dashboard-stats/ HTTP/1.1" 200 446
"GET /api/dashboard-stats/ HTTP/1.1" 200 446
"GET /api/dashboard-stats/ HTTP/1.1" 200 446
"GET /api/dashboard-stats/ HTTP/1.1" 200 446
"GET /api/dashboard-stats/ HTTP/1.1" 200 446
"GET /api/dashboard-stats/ HTTP/1.1" 200 446
"GET /api/dashboard-stats/ HTTP/1.1" 200 446
"GET /api/dashboard-stats/ HTTP/1.1" 200 446
"GET /api/dashboard-stats/ HTTP/1.1" 200 446
"GET /api/dashboard-stats/ HTTP/1.1" 200 446
"GET /api/dashboard-stats/ HTTP/1.1" 200 446
"GET /api/dashboard-stats/ HTTP/1.1" 200 446
"GET /api/dashboard-stats/ HTTP/1.1" 200 446
"GET /api/dashboard-stats/ HTTP/1.1" 200 446
"GET /api/dashboard-stats/ HTTP/1.1" 200 446
"GET /api/dashboard-stats/ HTTP/1.1" 200 446
"GET /api/dashboard-stats/ HTTP/1.1" 200 446
"GET /api/dashboard-stats/ HTTP/1.1" 200 446
"GET /api/dashboard-stats/ HTTP/1.1" 200 446
"GET /api/dashboard-stats/ HTTP/1.1" 200 446
"GET /api/dashboard-stats/ HTTP/1.1" 200 446
"GET /api/dashboard-stats/ HTTP/1.1" 200 446
"GET /api/dashboard-stats/ HTTP/1.1" 200 446
"GET /api/dashboard-stats/ HTTP/1.1" 200 446
"GET /api/dashboard-stats/ HTTP/1.1" 200 446
"GET /api/dashboard-stats/ HTTP/1.1" 200 446
"GET /api/dashboard-stats/ HTTP/1.1" 200 446
"GET /api/dashboard-stats/ HTTP/1.1" 200 446
"GET /api/dashboard-stats/ HTTP/1.1" 200 446
"GET /api/dashboard-stats/ HTTP/1.1" 200 446
"GET /api/dashboard-stats/ HTTP/1.1" 200 446
"GET /api/dashboard-stats/ HTTP/1.1" 200 446
"GET /api/dashboard-stats/ HTTP/1.1" 200 446
"GET /api/dashboard-stats/ HTTP/1.1" 200 446
"GET /api/dashboard-stats/ HTTP/1.1" 200 446
"GET /api/dashboard-stats/ HTTP/1.1" 200 446
"GET /api/dashboard-stats/ HTTP/1.1" 200 446
"GET /api/dashboard-stats/ HTTP/1.1" 200 446
"GET /api/dashboard-stats/ HTTP/1.1" 200 446
"GET /api/dashboard-stats/ HTTP/1.1" 200 446
"GET /api/dashboard-stats/ HTTP/1.1" 200 446
"GET /api/dashboard-stats/ HTTP/1.1" 200 446
"GET /api/dashboard-stats/ HTTP/1.1" 200 446
"GET /api/dashboard-stats/ HTTP/1.1" 200 446
"GET /api/dashboard-stats/ HTTP/1.1" 200 446
"GET /api/dashboard-stats/ HTTP/1.1" 200 446
"GET /api/dashboard-stats/ HTTP/1.1" 200 446
"GET /api/dashboard-stats/ HTTP/1.1" 200 446
"GET /api/dashboard-stats/ HTTP/1.1" 200 446
"GET /api/dashboard-stats/ HTTP/1.1" 200 446
"GET /api/dashboard-stats/ HTTP/1.1" 200 446
"GET /api/dashboard-stats/ HTTP/1.1" 200 446
"GET /api/dashboard-stats/ HTTP/1.1" 200 446
"GET /api/dashboard-stats/ HTTP/1.1" 200 446
"GET /api/dashboard-stats/ HTTP/1.1" 200 446
"GET /api/dashboard-stats/ HTTP/1.1" 200 446
"GET /api/dashboard-stats/ HTTP/1.1" 200 446
"GET /api/dashboard-stats/ HTTP/1.1" 200 446
"GET /api/dashboard-stats/ HTTP/1.1" 200 446
"GET /api/dashboard-stats/ HTTP/1.1" 200 446
"GET /api/dashboard-stats/ HTTP/1.1" 200 446
"GET /api/dashboard-stats/ HTTP/1.1" 200 446
"GET /api/dashboard-stats/ HTTP/1.1" 200 446
"GET /api/dashboard-stats/ HTTP/1.1" 200 446
"GET /api/dashboard-stats/ HTTP/1.1" 200 446
"GET /api/dashboard-stats/ HTTP/1.1" 200 446
"GET /api/dashboard-stats/ HTTP/1.1" 200 446
"GET /api/dashboard-stats/ HTTP/1.1" 200 446
"GET /api/dashboard-stats/ HTTP/1.1" 200 446
"GET /api/dashboard-stats/ HTTP/1.1" 200 446
"GET /api/dashboard-stats/ HTTP/1.1" 200 446
"GET /api/dashboard-stats/ HTTP/1.1" 200 446
"GET /api/dashboard-stats/ HTTP/1.1" 200 446
"GET /api/dashboard-stats/ HTTP/1.1" 200 446
"GET /api/dashboard-stats/ HTTP/1.1" 200 446
"GET /api/dashboard-stats/ HTTP/1.1" 200 446
"GET /api/dashboard-stats/ HTTP/1.1" 200 446
"GET /api/dashboard-stats/ HTTP/1.1" 200 446
"GET /api/dashboard-stats/ HTTP/1.1" 200 446
"GET /api/dashboard-stats/ HTTP/1.1" 200 446
"GET /api/dashboard-stats/ HTTP/1.1" 200 446
"GET /api/dashboard-stats/ HTTP/1.1" 200 446
"GET /api/dashboard-stats/ HTTP/1.1" 200 446
"GET /api/dashboard-stats/ HTTP/1.1" 200 446
"GET /api/dashboard-stats/ HTTP/1.1" 200 446
"GET /api/dashboard-stats/ HTTP/1.1" 200 446
"GET /api/dashboard-stats/ HTTP/1.1" 200 446
Watching for file changes with StatReloader
Not Found: /
"GET / HTTP/1.1" 404 3103
Not Found: /favicon.ico
"GET /favicon.ico HTTP/1.1" 404 3154
"GET /admin/ HTTP/1.1" 302 0
"GET /admin/login/?next=/admin/ HTTP/1.1" 200 4190
"GET /static/admin/css/base.css HTTP/1.1" 304 0
"GET /static/admin/css/dark_mode.css HTTP/1.1" 304 0
"GET /static/admin/js/theme.js HTTP/1.1" 304 0
"GET /static/admin/css/nav_sidebar.css HTTP/1.1" 304 0
"GET /static/admin/css/login.css HTTP/1.1" 304 0
"GET /static/admin/css/responsive.css HTTP/1.1" 304 0
"GET /static/admin/js/nav_sidebar.js HTTP/1.1" 304 0
"OPTIONS /api/dashboard-stats/ HTTP/1.1" 200 0
Forbidden: /api/dashboard-stats/
"GET /api/dashboard-stats/ HTTP/1.1" 403 58
"GET /api/get-csrf/ HTTP/1.1" 200 29
"GET /api/get-csrf/ HTTP/1.1" 200 29
"OPTIONS /api/get-csrf/ HTTP/1.1" 200 0
"GET /api/get-csrf/ HTTP/1.1" 200 29
"OPTIONS /api/accounts/login/ HTTP/1.1" 200 0
"POST /api/accounts/login/ HTTP/1.1" 200 317
"GET /api/dashboard-stats/ HTTP/1.1" 200 446
"GET /api/dashboard-stats/ HTTP/1.1" 200 446
"GET /admin/ HTTP/1.1" 200 15734
Not Found: /favicon.ico
"GET /favicon.ico HTTP/1.1" 404 3154
"POST /admin/logout/ HTTP/1.1" 302 0
"GET /api/get-csrf/ HTTP/1.1" 200 29
"GET /api/get-csrf/ HTTP/1.1" 200 29
Forbidden: /api/dashboard-stats/
"GET /api/dashboard-stats/ HTTP/1.1" 403 58
Forbidden: /api/dashboard-stats/
"GET /api/dashboard-stats/ HTTP/1.1" 403 58
"GET /api/get-csrf/ HTTP/1.1" 200 29
"GET /api/get-csrf/ HTTP/1.1" 200 29
"GET /api/get-csrf/ HTTP/1.1" 200 29
"POST /api/accounts/login/ HTTP/1.1" 200 317
"GET /api/dashboard-stats/ HTTP/1.1" 200 446
"GET /api/dashboard-stats/ HTTP/1.1" 200 446
"GET /admin/ HTTP/1.1" 200 15734
"GET /admin/accounts/departmentpermission/ HTTP/1.1" 200 16430
"GET /static/admin/css/changelists.css HTTP/1.1" 304 0
"GET /static/admin/js/vendor/jquery/jquery.js HTTP/1.1" 304 0
"GET /static/admin/js/jquery.init.js HTTP/1.1" 304 0
"GET /admin/jsi18n/ HTTP/1.1" 200 3342
"GET /static/admin/js/admin/RelatedObjectLookups.js HTTP/1.1" 304 0
"GET /static/admin/js/urlify.js HTTP/1.1" 304 0
"GET /static/admin/js/core.js HTTP/1.1" 304 0
"GET /static/admin/js/prepopulate.js HTTP/1.1" 304 0
"GET /static/admin/js/actions.js HTTP/1.1" 304 0
"GET /static/admin/js/vendor/xregexp/xregexp.js HTTP/1.1" 304 0
"GET /static/admin/img/search.svg HTTP/1.1" 304 0
"GET /static/admin/js/filters.js HTTP/1.1" 304 0
"GET /static/admin/img/tooltag-add.svg HTTP/1.1" 304 0
"GET /static/admin/img/icon-viewlink.svg HTTP/1.1" 304 0
"GET /admin/accounts/department/ HTTP/1.1" 200 16930
"GET /static/admin/img/icon-yes.svg HTTP/1.1" 304 0
"GET /static/admin/img/icon-no.svg HTTP/1.1" 304 0
"GET /admin/jsi18n/ HTTP/1.1" 200 3342
"GET /static/admin/img/sorting-icons.svg HTTP/1.1" 304 0
"GET /admin/accounts/role/ HTTP/1.1" 200 12022
"GET /admin/jsi18n/ HTTP/1.1" 200 3342
"GET /admin/accounts/user/ HTTP/1.1" 200 18406
"GET /admin/jsi18n/ HTTP/1.1" 200 3342
"GET /admin/accounts/vendor/ HTTP/1.1" 200 13866
"GET /admin/jsi18n/ HTTP/1.1" 200 3342
"GET /admin/accounts/departmentpermission/ HTTP/1.1" 200 16430
"GET /admin/jsi18n/ HTTP/1.1" 200 3342
"POST /admin/logout/ HTTP/1.1" 302 0
"GET /api/get-csrf/ HTTP/1.1" 200 29
"GET /api/get-csrf/ HTTP/1.1" 200 29
"GET /api/get-csrf/ HTTP/1.1" 200 29
"POST /api/accounts/login/ HTTP/1.1" 200 317
"GET /api/dashboard-stats/ HTTP/1.1" 200 446
"GET /api/dashboard-stats/ HTTP/1.1" 200 446
"GET /api/dashboard-stats/ HTTP/1.1" 200 446
"GET /api/dashboard-stats/ HTTP/1.1" 200 446
"GET /api/dashboard-stats/ HTTP/1.1" 200 446
"GET /api/dashboard-stats/ HTTP/1.1" 200 446
"GET /api/dashboard-stats/ HTTP/1.1" 200 446
"GET /api/get-csrf/ HTTP/1.1" 200 29
"POST /api/accounts/login/ HTTP/1.1" 200 317
"GET /api/dashboard-stats/ HTTP/1.1" 200 446
"GET /api/dashboard-stats/ HTTP/1.1" 200 446
"GET /admin/ HTTP/1.1" 200 15734
"OPTIONS /api/agreements/ HTTP/1.1" 200 0
"OPTIONS /api/agreements/ HTTP/1.1" 200 0
"OPTIONS /api/agreements/form-data/ HTTP/1.1" 200 0
"OPTIONS /api/agreements/form-data/ HTTP/1.1" 200 0
"GET /api/agreements/form-data/ HTTP/1.1" 200 333
"GET /api/agreements/ HTTP/1.1" 200 810
"GET /api/agreements/form-data/ HTTP/1.1" 200 333
"GET /api/agreements/ HTTP/1.1" 200 810
"GET /api/dashboard-stats/ HTTP/1.1" 200 446
"GET /api/dashboard-stats/ HTTP/1.1" 200 446
"GET /api/dashboard-stats/ HTTP/1.1" 200 446
F:\Sonali Intellect\Agreement Tracking Module\SP new version\SP\atm\Agreement_tracking\settings.py changed, reloading.
Watching for file changes with StatReloader
F:\Sonali Intellect\Agreement Tracking Module\SP new version\SP\atm\Agreement_tracking\settings.py changed, reloading.
Watching for file changes with StatReloader
F:\Sonali Intellect\Agreement Tracking Module\SP new version\SP\atm\Agreement_tracking\settings.py changed, reloading.
Watching for file changes with StatReloader
"GET /api/dashboard-stats/ HTTP/1.1" 200 446
"GET /api/agreements/form-data/ HTTP/1.1" 200 333
"GET /api/agreements/ HTTP/1.1" 200 810
"GET /api/agreements/form-data/ HTTP/1.1" 200 333
"GET /api/agreements/ HTTP/1.1" 200 810
"GET /api/agreements/form-data/ HTTP/1.1" 200 333
"GET /api/agreements/ HTTP/1.1" 200 810
"GET /api/agreements/form-data/ HTTP/1.1" 200 333
"GET /api/agreements/ HTTP/1.1" 200 810
"GET /admin/accounts/vendor/ HTTP/1.1" 302 0
"GET /admin/login/?next=/admin/accounts/vendor/ HTTP/1.1" 200 4222
"GET /admin/ HTTP/1.1" 302 0
"GET /admin/login/?next=/admin/ HTTP/1.1" 200 4190
"POST /admin/login/?next=/admin/ HTTP/1.1" 302 0
"GET /admin/ HTTP/1.1" 200 15734
"GET /admin/accounts/user/ HTTP/1.1" 200 18406
"GET /admin/jsi18n/ HTTP/1.1" 200 3342
"GET /admin/accounts/departmentpermission/ HTTP/1.1" 200 16430
"GET /admin/jsi18n/ HTTP/1.1" 200 3342
"GET /admin/accounts/departmentpermission/add/ HTTP/1.1" 200 19398
"GET /static/admin/css/forms.css HTTP/1.1" 304 0
"GET /static/admin/js/prepopulate_init.js HTTP/1.1" 304 0
"GET /static/admin/css/widgets.css HTTP/1.1" 304 0
"GET /admin/jsi18n/ HTTP/1.1" 200 3342
"GET /static/admin/js/change_form.js HTTP/1.1" 304 0
"GET /static/admin/img/icon-deletelink.svg HTTP/1.1" 304 0
"POST /admin/accounts/departmentpermission/add/ HTTP/1.1" 200 19611
"GET /admin/jsi18n/ HTTP/1.1" 200 3342
"POST /admin/accounts/departmentpermission/add/ HTTP/1.1" 302 0
"GET /admin/accounts/departmentpermission/ HTTP/1.1" 200 17198
"GET /admin/jsi18n/ HTTP/1.1" 200 3342
"GET /admin/accounts/departmentpermission/add/ HTTP/1.1" 200 19398
"GET /admin/jsi18n/ HTTP/1.1" 200 3342
"POST /admin/accounts/departmentpermission/add/ HTTP/1.1" 302 0
"GET /admin/accounts/departmentpermission/ HTTP/1.1" 200 17725
"GET /admin/jsi18n/ HTTP/1.1" 200 3342
"GET /admin/accounts/departmentpermission/add/ HTTP/1.1" 200 19398
"GET /admin/jsi18n/ HTTP/1.1" 200 3342
"POST /admin/accounts/departmentpermission/add/ HTTP/1.1" 200 19634
"GET /admin/jsi18n/ HTTP/1.1" 200 3342
"POST /admin/accounts/departmentpermission/add/ HTTP/1.1" 302 0
"GET /admin/accounts/departmentpermission/ HTTP/1.1" 200 18240
"GET /admin/jsi18n/ HTTP/1.1" 200 3342
"GET /admin/accounts/departmentpermission/ HTTP/1.1" 200 17990
"GET /admin/accounts/department/ HTTP/1.1" 200 16930
"GET /admin/jsi18n/ HTTP/1.1" 200 3342
"GET /api/get-csrf/ HTTP/1.1" 200 29
"POST /api/accounts/login/ HTTP/1.1" 200 383
"GET /api/dashboard-stats/ HTTP/1.1" 200 446
"GET /api/dashboard-stats/ HTTP/1.1" 200 446
"GET /api/dashboard-stats/ HTTP/1.1" 200 446
"GET /admin/accounts/department/ HTTP/1.1" 200 16930
"GET /admin/jsi18n/ HTTP/1.1" 200 3342
"GET /api/dashboard-stats/ HTTP/1.1" 200 446
"GET /admin/accounts/department/ HTTP/1.1" 200 16930
"GET /admin/jsi18n/ HTTP/1.1" 200 3342
"GET /admin/accounts/user/ HTTP/1.1" 200 18406
"GET /admin/jsi18n/ HTTP/1.1" 200 3342
"GET /admin/accounts/user/1/change/ HTTP/1.1" 200 32118
"GET /static/admin/js/calendar.js HTTP/1.1" 304 0
"GET /static/admin/js/admin/DateTimeShortcuts.js HTTP/1.1" 304 0
"GET /static/admin/js/SelectBox.js HTTP/1.1" 304 0
"GET /static/admin/js/SelectFilter2.js HTTP/1.1" 304 0
"GET /admin/jsi18n/ HTTP/1.1" 200 3342
"GET /static/admin/img/icon-calendar.svg HTTP/1.1" 304 0
"GET /static/admin/img/selector-icons.svg HTTP/1.1" 304 0
"GET /static/admin/img/icon-clock.svg HTTP/1.1" 304 0
"POST /admin/accounts/user/1/change/ HTTP/1.1" 302 0
"GET /admin/accounts/user/ HTTP/1.1" 200 18611
"GET /admin/jsi18n/ HTTP/1.1" 200 3342
"GET /api/dashboard-stats/ HTTP/1.1" 200 446
"GET /admin/accounts/department/ HTTP/1.1" 200 16930
"GET /admin/jsi18n/ HTTP/1.1" 200 3342
"POST /admin/accounts/department/ HTTP/1.1" 200 12146
"GET /static/admin/js/cancel.js HTTP/1.1" 200 884
"POST /admin/accounts/department/ HTTP/1.1" 302 0
"GET /admin/accounts/department/ HTTP/1.1" 200 16678
"GET /admin/jsi18n/ HTTP/1.1" 200 3342
"GET /api/get-csrf/ HTTP/1.1" 200 29
"GET /api/get-csrf/ HTTP/1.1" 200 29
"GET /api/dashboard-stats/ HTTP/1.1" 200 415
"GET /api/dashboard-stats/ HTTP/1.1" 200 415
"GET /api/agreements/form-data/ HTTP/1.1" 200 369
"GET /api/agreements/form-data/ HTTP/1.1" 200 369
"GET /api/agreements/ HTTP/1.1" 200 8328
"GET /api/agreements/ HTTP/1.1" 200 8328
"GET /api/agreements/form-data/ HTTP/1.1" 200 369
"GET /api/agreements/form-data/ HTTP/1.1" 200 369
"GET /api/agreements/form-data/ HTTP/1.1" 200 369
"GET /api/agreements/form-data/ HTTP/1.1" 200 369
"OPTIONS /api/users/available/ HTTP/1.1" 200 0
"OPTIONS /api/users/available/ HTTP/1.1" 200 0
"OPTIONS /api/accounts/vendors/ HTTP/1.1" 200 0
"OPTIONS /api/accounts/vendors/ HTTP/1.1" 200 0
"GET /api/users/available/ HTTP/1.1" 200 291
"GET /api/accounts/vendors/ HTTP/1.1" 200 89
"GET /api/users/available/ HTTP/1.1" 200 291
"GET /api/accounts/vendors/ HTTP/1.1" 200 89
"OPTIONS /api/agreements/submit/ HTTP/1.1" 200 0
"POST /api/agreements/submit/ HTTP/1.1" 201 78
"GET /api/agreements/form-data/ HTTP/1.1" 200 369
"GET /api/agreements/form-data/ HTTP/1.1" 200 369
"GET /api/agreements/ HTTP/1.1" 200 9124
"GET /api/agreements/ HTTP/1.1" 200 9124
"GET /admin/accounts/department/3/change/ HTTP/1.1" 302 0
"GET /admin/login/?next=/admin/accounts/department/3/change/ HTTP/1.1" 200 4248
"GET /admin/accounts/department/ HTTP/1.1" 302 0
"GET /admin/login/?next=/admin/accounts/department/ HTTP/1.1" 200 4230
"GET /api/get-csrf/ HTTP/1.1" 200 29
"POST /api/accounts/login/ HTTP/1.1" 200 353
"GET /api/dashboard-stats/ HTTP/1.1" 200 415
"GET /api/dashboard-stats/ HTTP/1.1" 200 415
"GET /api/dashboard-stats/ HTTP/1.1" 200 415
"GET /api/dashboard-stats/ HTTP/1.1" 200 415
"GET /api/get-csrf/ HTTP/1.1" 200 29
"POST /api/accounts/login/ HTTP/1.1" 200 353
"GET /api/dashboard-stats/ HTTP/1.1" 200 415
"GET /api/dashboard-stats/ HTTP/1.1" 200 415
"GET /api/agreements/form-data/ HTTP/1.1" 200 369
"GET /api/agreements/form-data/ HTTP/1.1" 200 369
"GET /api/agreements/ HTTP/1.1" 200 9124
"GET /api/agreements/ HTTP/1.1" 200 9124
"GET /api/dashboard-stats/ HTTP/1.1" 200 415
"GET /api/dashboard-stats/ HTTP/1.1" 200 415
"GET /api/agreements/form-data/ HTTP/1.1" 200 369
"GET /api/agreements/form-data/ HTTP/1.1" 200 369
"GET /api/agreements/ HTTP/1.1" 200 9124
"GET /api/agreements/ HTTP/1.1" 200 9124
Forbidden: /api/agreements/form-data/
Forbidden: /api/users/available/
"GET /api/agreements/form-data/ HTTP/1.1" 403 58
"GET /api/users/available/ HTTP/1.1" 403 58
Forbidden: /api/agreements/form-data/
"GET /api/agreements/form-data/ HTTP/1.1" 403 58
Forbidden: /api/users/available/
"GET /api/users/available/ HTTP/1.1" 403 58
Forbidden: /api/agreements/form-data/
"GET /api/agreements/form-data/ HTTP/1.1" 403 58
Forbidden: /api/agreements/form-data/
"GET /api/agreements/form-data/ HTTP/1.1" 403 58
"GET /api/get-csrf/ HTTP/1.1" 200 29
"GET /api/get-csrf/ HTTP/1.1" 200 29
F:\Sonali Intellect\Agreement Tracking Module\SP new version\SP\atm\Agreement_tracking\settings.py changed, reloading.
Watching for file changes with StatReloader
"GET /api/get-csrf/ HTTP/1.1" 200 29
"POST /api/accounts/login/ HTTP/1.1" 200 353
"GET /api/dashboard-stats/ HTTP/1.1" 200 415
"GET /api/dashboard-stats/ HTTP/1.1" 200 415
"GET /api/agreements/form-data/ HTTP/1.1" 200 369
"GET /api/agreements/form-data/ HTTP/1.1" 200 369
"GET /api/agreements/ HTTP/1.1" 200 9124
"GET /api/agreements/ HTTP/1.1" 200 9124
"GET /admin/ HTTP/1.1" 200 15820
F:\Sonali Intellect\Agreement Tracking Module\SP new version\SP\atm\Agreement_tracking\settings.py changed, reloading.
Watching for file changes with StatReloader
Watching for file changes with StatReloader
